Trade_Dt,Sector,Client_Symbol,PNL
8/1/2019,Communication Services,Ticker 1,-372.3103647
8/1/2019,Communication Services,Ticker 2,-2968.84
8/1/2019,Communication Services,Ticker 3,-8131.2
8/1/2019,Communication Services,Ticker 4,-22809.6
8/1/2019,Consumer Discretionary,Ticker 5,-84057.6
8/1/2019,Consumer Discretionary,Ticker 6,51430.764
8/1/2019,Consumer Discretionary,Ticker 7,-39523.1296
8/1/2019,Consumer Discretionary,Ticker 8,10380
8/1/2019,Consumer Discretionary,Ticker 9,9400
8/1/2019,Consumer Discretionary,Ticker 10,487.278088
8/1/2019,Consumer Staples,Ticker 11,551060.6946
8/1/2019,Energy,Ticker 12,7299.583884
8/1/2019,Energy,Ticker 13,-7888.26
8/1/2019,Energy,Ticker 14,70875.4
8/1/2019,Energy,Ticker 15,0
8/1/2019,Energy,Ticker 16,-50047.64
8/1/2019,Financials,Ticker 17,0
8/1/2019,Financials,Ticker 18,-4553.863463
8/1/2019,Financials,Ticker 19,699.79
8/1/2019,Financials,Ticker 20,0
8/1/2019,Financials,Ticker 21,-17342.08
8/1/2019,Financials,Ticker 22,-7493.43
8/1/2019,Financials,Ticker 23,17127.71999
8/1/2019,Financials,Ticker 24,0
8/1/2019,Financials,Ticker 25,0
8/1/2019,Financials,Ticker 26,-2745.6
8/1/2019,Financials,Ticker 27,636.17
8/1/2019,Financials,Ticker 28,0
8/1/2019,Financials,Ticker 29,-1070.48
8/1/2019,Financials,Ticker 30,0
8/1/2019,Financials,Ticker 31,0
8/1/2019,Financials,Ticker 32,-8.6613
8/1/2019,Financials,Ticker 33,0
8/1/2019,Financials,Ticker 34,-3034.86
8/1/2019,Financials,Ticker 35,-9597.7735
8/1/2019,Financials,Ticker 36,0
8/1/2019,Financials,Ticker 37,-12957.792
8/1/2019,Financials,Ticker 38,0
8/1/2019,Financials,Ticker 39,0
8/1/2019,Financials,Ticker 40,-5491.2
8/1/2019,Financials,Ticker 41,-226207.6826
8/1/2019,Financials,Ticker 42,-679.3092
8/1/2019,Financials,Ticker 43,-3817.04
8/1/2019,Financials,Ticker 44,-2120.6
8/1/2019,Financials,Ticker 45,253.44
8/1/2019,Financials,Ticker 46,6357.45
8/1/2019,Financials,Ticker 47,5301.45
8/1/2019,Financials,Ticker 48,8173.44
8/1/2019,Financials,Ticker 49,-9948.24
8/1/2019,Financials,Ticker 50,-636.17
8/1/2019,Financials,Ticker 51,-421.83
8/1/2019,Financials,Ticker 52,0
8/1/2019,Financials,Ticker 53,0
8/1/2019,Financials,Ticker 54,0
8/1/2019,Financials,Ticker 55,-1049.37
8/1/2019,Financials,Ticker 56,0
8/1/2019,Financials,Ticker 57,0
8/1/2019,Financials,Ticker 58,52131.33469
8/1/2019,Financials,Ticker 59,0
8/1/2019,Health Care,Ticker 60,-120130.56
8/1/2019,Health Care,Ticker 61,2956.8
8/1/2019,Health Care,Ticker 62,-12423.6
8/1/2019,Health Care,Ticker 63,-39187.61
8/1/2019,Health Care,Ticker 64,4240.0579
8/1/2019,Health Care,Ticker 65,-31060.76
8/1/2019,Health Care,Ticker 66,0
8/1/2019,Health Care,Ticker 67,-19293.45
8/1/2019,Health Care,Ticker 68,-35481.6
8/1/2019,Health Care,Ticker 69,0
8/1/2019,Health Care,Ticker 70,-1260
8/1/2019,Health Care,Ticker 71,0
8/1/2019,Health Care,Ticker 72,-48047.65
8/1/2019,Health Care,Ticker 73,36363
8/1/2019,Health Care,Ticker 74,-23793
8/1/2019,Health Care,Ticker 75,19551.2103
8/1/2019,Health Care,Ticker 76,27143.5784
8/1/2019,Health Care,Ticker 77,-24603.80747
8/1/2019,Health Care,Ticker 78,6027.6696
8/1/2019,Health Care,Ticker 79,-23759.0944
8/1/2019,Health Care,Ticker 80,-212126.04
8/1/2019,Health Care,Ticker 81,-13995.52
8/1/2019,Health Care,Ticker 82,3615.296
8/1/2019,Health Care,Ticker 83,0
8/1/2019,Health Care,Ticker 84,-97709.694
8/1/2019,Health Care,Ticker 85,-64922.88
8/1/2019,Health Care,Ticker 86,23750.72
8/1/2019,Health Care,Ticker 87,-8870.4
8/1/2019,Health Care,Ticker 88,-241890.4026
8/1/2019,Health Care,Ticker 89,0
8/1/2019,Health Care,Ticker 90,1257.5
8/1/2019,Health Care,Ticker 91,-891.725419
8/1/2019,Health Care,Ticker 92,-858.5964893
8/1/2019,Health Care,Ticker 93,-150.0828
8/1/2019,Health Care,Ticker 94,0
8/1/2019,Industrials,Ticker 95,-105712.8722
8/1/2019,Industrials,Ticker 96,286.347828
8/1/2019,Industrials,Ticker 97,-5370.9189
8/1/2019,Industrials,Ticker 98,-31463.4
8/1/2019,Information Technology,Ticker 99,1972.62945
8/1/2019,Information Technology,Ticker 100,131976.9396
8/1/2019,Information Technology,Ticker 101,1622.67
8/1/2019,Information Technology,Ticker 102,-40094.4789
8/1/2019,Information Technology,Ticker 103,3535.11
8/1/2019,Information Technology,Ticker 104,-19060.02
8/1/2019,Materials,Ticker 105,-63144.15619
8/1/2019,Materials,Ticker 106,202.834
8/1/2019,Materials,Ticker 107,-17545.58339
8/1/2019,Materials,Ticker 108,-19562.01657
8/1/2019,Other,Ticker 109,626.69
8/1/2019,Other,Ticker 110,72586.6
8/1/2019,Other,Ticker 111,100821.76
8/1/2019,Other,Ticker 112,465.75
8/1/2019,Other,Ticker 113,10328.9322
8/1/2019,Other,Ticker 114,209372.9303
8/1/2019,other,Ticker 115,-47115.51296
8/1/2019,Other,Ticker 116,-37099.6944
8/1/2019,Other,Ticker 117,13494.4758
8/1/2019,other,Ticker 118,2822.96112
8/1/2019,Real Estate,Ticker 119,398.1184
8/1/2019,Real Estate,Ticker 120,29636.74019
8/1/2019,Real Estate,Ticker 121,-191.339392
8/1/2019,Real Estate,Ticker 122,-45719.94
8/1/2019,Real Estate,Ticker 123,70456.4
8/1/2019,Real Estate,Ticker 124,-11085.901
8/1/2019,Real Estate,Ticker 125,-512.152353
8/1/2019,Real Estate,Ticker 126,5582.96
8/1/2019,Utilities,Ticker 127,-26996.58
8/1/2019,Utilities,Ticker 128,6676.329576
8/1/2019,Utilities,Ticker 129,10348.8
8/1/2019,Utilities,Ticker 130,-2714.4
8/2/2019,Communication Services,Ticker 1,-4414.319564
8/2/2019,Communication Services,Ticker 2,-4559.29
8/2/2019,Communication Services,Ticker 3,-15523.2
8/2/2019,Communication Services,Ticker 4,-43379.4
8/2/2019,Consumer Discretionary,Ticker 5,-3702.3108
8/2/2019,Consumer Discretionary,Ticker 6,-33974.36119
8/2/2019,Consumer Discretionary,Ticker 8,-31140
8/2/2019,Consumer Discretionary,Ticker 9,-9400
8/2/2019,Consumer Discretionary,Ticker 10,-1661.1753
8/2/2019,Consumer Staples,Ticker 11,27261.46
8/2/2019,Energy,Ticker 12,-12357.26146
8/2/2019,Energy,Ticker 13,-3944.13
8/2/2019,Energy,Ticker 14,107867.0386
8/2/2019,Energy,Ticker 15,0
8/2/2019,Energy,Ticker 16,-9686.64
8/2/2019,Financials,Ticker 17,0
8/2/2019,Financials,Ticker 18,-9341.447098
8/2/2019,Financials,Ticker 19,13995.8
8/2/2019,Financials,Ticker 20,0
8/2/2019,Financials,Ticker 21,0
8/2/2019,Financials,Ticker 22,-3211.47
8/2/2019,Financials,Ticker 23,-7136.549995
8/2/2019,Financials,Ticker 24,-21947.94
8/2/2019,Financials,Ticker 25,0
8/2/2019,Financials,Ticker 26,1267.2
8/2/2019,Financials,Ticker 27,3180.85
8/2/2019,Financials,Ticker 28,0
8/2/2019,Financials,Ticker 29,0
8/2/2019,Financials,Ticker 30,0
8/2/2019,Financials,Ticker 31,0
8/2/2019,Financials,Ticker 32,-857.4687
8/2/2019,Financials,Ticker 33,0
8/2/2019,Financials,Ticker 34,-1517.43
8/2/2019,Financials,Ticker 35,4769.08
8/2/2019,Financials,Ticker 36,0
8/2/2019,Financials,Ticker 37,-6760.96
8/2/2019,Financials,Ticker 38,0
8/2/2019,Financials,Ticker 39,3966.606
8/2/2019,Financials,Ticker 40,-40426.5364
8/2/2019,Financials,Ticker 41,-86405.37008
8/2/2019,Financials,Ticker 42,0
8/2/2019,Financials,Ticker 43,-7634.08
8/2/2019,Financials,Ticker 44,424.12
8/2/2019,Financials,Ticker 45,-1774.08
8/2/2019,Financials,Ticker 46,2542.98
8/2/2019,Financials,Ticker 47,-1060.29
8/2/2019,Financials,Ticker 48,5132.16
8/2/2019,Financials,Ticker 49,-674.2696
8/2/2019,Financials,Ticker 50,636.17
8/2/2019,Financials,Ticker 51,0
8/2/2019,Financials,Ticker 52,0
8/2/2019,Financials,Ticker 53,0
8/2/2019,Financials,Ticker 54,0
8/2/2019,Financials,Ticker 55,0
8/2/2019,Financials,Ticker 56,-4041.44
8/2/2019,Financials,Ticker 57,-446.55
8/2/2019,Financials,Ticker 58,1715.413818
8/2/2019,Financials,Ticker 59,-1579.2283
8/2/2019,Health Care,Ticker 131,311.4016584
8/2/2019,Health Care,Ticker 60,-86005.133
8/2/2019,Health Care,Ticker 61,1267.2
8/2/2019,Health Care,Ticker 62,-28769.289
8/2/2019,Health Care,Ticker 63,-54455.51
8/2/2019,Health Care,Ticker 64,-8896.8886
8/2/2019,Health Care,Ticker 65,-43652.96
8/2/2019,Health Care,Ticker 66,16807.798
8/2/2019,Health Care,Ticker 67,-69932.785
8/2/2019,Health Care,Ticker 68,-8785.92
8/2/2019,Health Care,Ticker 69,0
8/2/2019,Health Care,Ticker 70,-360
8/2/2019,Health Care,Ticker 71,0
8/2/2019,Health Care,Ticker 72,-12482.9376
8/2/2019,Health Care,Ticker 73,-2213.4
8/2/2019,Health Care,Ticker 74,-33526.5
8/2/2019,Health Care,Ticker 75,-35687.7
8/2/2019,Health Care,Ticker 76,-26588.16
8/2/2019,Health Care,Ticker 77,-1419.194226
8/2/2019,Health Care,Ticker 78,-120986.78
8/2/2019,Health Care,Ticker 79,-19392.1531
8/2/2019,Health Care,Ticker 80,-230457.92
8/2/2019,Health Care,Ticker 81,-27354.88
8/2/2019,Health Care,Ticker 82,5642.81
8/2/2019,Health Care,Ticker 83,0
8/2/2019,Health Care,Ticker 84,906.4844
8/2/2019,Health Care,Ticker 85,-23886.72
8/2/2019,Health Care,Ticker 86,-103909.4
8/2/2019,Health Care,Ticker 87,-5829.12
8/2/2019,Health Care,Ticker 88,134361.556
8/2/2019,Health Care,Ticker 89,0
8/2/2019,Health Care,Ticker 90,35210
8/2/2019,Health Care,Ticker 91,1232.890098
8/2/2019,Health Care,Ticker 92,-1354.27491
8/2/2019,Health Care,Ticker 93,-6697.9318
8/2/2019,Health Care,Ticker 94,0
8/2/2019,Industrials,Ticker 95,-112430.9346
8/2/2019,Industrials,Ticker 96,-32090.70241
8/2/2019,Industrials,Ticker 97,49559.73705
8/2/2019,Industrials,Ticker 98,8390.24
8/2/2019,Information Technology,Ticker 99,-7019.25345
8/2/2019,Information Technology,Ticker 100,105945.06
8/2/2019,Information Technology,Ticker 102,29301.8669
8/2/2019,Information Technology,Ticker 103,-21996.24
8/2/2019,Information Technology,Ticker 104,-29648.92
8/2/2019,Materials,Ticker 105,-31673.78397
8/2/2019,Materials,Ticker 106,3119.785476
8/2/2019,Materials,Ticker 107,6642.50627
8/2/2019,Materials,Ticker 108,-37735.58085
8/2/2019,Other,Ticker 109,224.09
8/2/2019,Other,Ticker 110,40840.62
8/2/2019,Other,Ticker 111,36354
8/2/2019,Other,Ticker 112,3940.44
8/2/2019,Other,Ticker 113,8876.9116
8/2/2019,Other,Ticker 114,191464.0048
8/2/2019,other,Ticker 115,233058.281
8/2/2019,Other,Ticker 116,298569.996
8/2/2019,Other,Ticker 117,8970.26
8/2/2019,other,Ticker 118,19401.92326
8/2/2019,Real Estate,Ticker 119,-67.8528
8/2/2019,Real Estate,Ticker 120,6491.183719
8/2/2019,Real Estate,Ticker 121,1179.61664
8/2/2019,Real Estate,Ticker 122,39188.52
8/2/2019,Real Estate,Ticker 123,-6360.5675
8/2/2019,Real Estate,Ticker 124,18708.4
8/2/2019,Real Estate,Ticker 125,3433.253205
8/2/2019,Real Estate,Ticker 126,17042.72
8/2/2019,Utilities,Ticker 127,-5820.75
8/2/2019,Utilities,Ticker 128,-8704.708782
8/2/2019,Utilities,Ticker 129,9609.6
8/2/2019,Utilities,Ticker 130,1696.5
8/5/2019,Communication Services,Ticker 1,-14390.86094
8/5/2019,Communication Services,Ticker 2,-4029.14
8/5/2019,Communication Services,Ticker 3,-14019.132
8/5/2019,Communication Services,Ticker 4,-6590.292
8/5/2019,Consumer Discretionary,Ticker 5,-44932.8
8/5/2019,Consumer Discretionary,Ticker 6,-165018.2983
8/5/2019,Consumer Discretionary,Ticker 8,-150510
8/5/2019,Consumer Discretionary,Ticker 9,-75200
8/5/2019,Consumer Discretionary,Ticker 10,-2298.988584
8/5/2019,Consumer Staples,Ticker 11,-29863.6932
8/5/2019,Energy,Ticker 12,-3043.502426
8/5/2019,Energy,Ticker 13,-12133.3482
8/5/2019,Energy,Ticker 14,-148600.96
8/5/2019,Energy,Ticker 15,0
8/5/2019,Energy,Ticker 16,-49274.6192
8/5/2019,Financials,Ticker 17,-838.66
8/5/2019,Financials,Ticker 18,3436.953408
8/5/2019,Financials,Ticker 19,-97129.7113
8/5/2019,Financials,Ticker 20,0
8/5/2019,Financials,Ticker 21,0
8/5/2019,Financials,Ticker 22,-2140.98
8/5/2019,Financials,Ticker 23,0
8/5/2019,Financials,Ticker 24,-39018.56
8/5/2019,Financials,Ticker 25,3492.28
8/5/2019,Financials,Ticker 26,-4224
8/5/2019,Financials,Ticker 27,-5095.7217
8/5/2019,Financials,Ticker 28,0
8/5/2019,Financials,Ticker 29,-1070.48
8/5/2019,Financials,Ticker 30,0
8/5/2019,Financials,Ticker 31,0
8/5/2019,Financials,Ticker 32,0
8/5/2019,Financials,Ticker 33,-0.17
8/5/2019,Financials,Ticker 34,6069.72
8/5/2019,Financials,Ticker 35,1192.27
8/5/2019,Financials,Ticker 36,0
8/5/2019,Financials,Ticker 37,-11409.12
8/5/2019,Financials,Ticker 38,0
8/5/2019,Financials,Ticker 39,6327.681
8/5/2019,Financials,Ticker 40,-14999.416
8/5/2019,Financials,Ticker 41,-109964.3645
8/5/2019,Financials,Ticker 42,1257.98
8/5/2019,Financials,Ticker 43,-23552.6418
8/5/2019,Financials,Ticker 44,-424.12
8/5/2019,Financials,Ticker 45,-506.88
8/5/2019,Financials,Ticker 46,-27972.78
8/5/2019,Financials,Ticker 47,0
8/5/2019,Financials,Ticker 48,-7603.2
8/5/2019,Financials,Ticker 49,-2641.8104
8/5/2019,Financials,Ticker 50,0
8/5/2019,Financials,Ticker 51,0
8/5/2019,Financials,Ticker 52,0
8/5/2019,Financials,Ticker 53,-42816.8
8/5/2019,Financials,Ticker 54,422.53
8/5/2019,Financials,Ticker 55,2098.74
8/5/2019,Financials,Ticker 56,0
8/5/2019,Financials,Ticker 57,0
8/5/2019,Financials,Ticker 58,-3935.892597
8/5/2019,Financials,Ticker 59,-1061.6217
8/5/2019,Health Care,Ticker 131,755.384
8/5/2019,Health Care,Ticker 60,-66941.5208
8/5/2019,Health Care,Ticker 61,16051.2
8/5/2019,Health Care,Ticker 62,-15045.4
8/5/2019,Health Care,Ticker 63,-35116.17
8/5/2019,Health Care,Ticker 64,-24671.0352
8/5/2019,Health Care,Ticker 65,-70936.06
8/5/2019,Health Care,Ticker 66,-9081.8606
8/5/2019,Health Care,Ticker 68,-10137.6
8/5/2019,Health Care,Ticker 69,0
8/5/2019,Health Care,Ticker 70,360
8/5/2019,Health Care,Ticker 71,0
8/5/2019,Health Care,Ticker 72,-26948.9
8/5/2019,Health Care,Ticker 73,-12964.2
8/5/2019,Health Care,Ticker 74,-36771
8/5/2019,Health Care,Ticker 75,-7028.69
8/5/2019,Health Care,Ticker 76,-44867.52
8/5/2019,Health Care,Ticker 77,-31918.04785
8/5/2019,Health Care,Ticker 78,-64577.2984
8/5/2019,Health Care,Ticker 80,-242403.198
8/5/2019,Health Care,Ticker 81,-28309.12
8/5/2019,Health Care,Ticker 82,-15663.33
8/5/2019,Health Care,Ticker 83,0
8/5/2019,Health Care,Ticker 85,-79622.4
8/5/2019,Health Care,Ticker 86,-79734.56
8/5/2019,Health Care,Ticker 87,-54996.48
8/5/2019,Health Care,Ticker 88,85629.758
8/5/2019,Health Care,Ticker 89,0
8/5/2019,Health Care,Ticker 90,-26407.5
8/5/2019,Health Care,Ticker 91,-1.424463
8/5/2019,Health Care,Ticker 92,1869.85802
8/5/2019,Health Care,Ticker 93,-5752.35
8/5/2019,Health Care,Ticker 94,0
8/5/2019,Industrials,Ticker 95,-6593.166965
8/5/2019,Industrials,Ticker 96,-18783.89946
8/5/2019,Industrials,Ticker 97,-53979.33705
8/5/2019,Industrials,Ticker 98,-79707.28
8/5/2019,Information Technology,Ticker 99,-1938.75891
8/5/2019,Information Technology,Ticker 100,-111194.59
8/5/2019,Information Technology,Ticker 102,-22109.3439
8/5/2019,Information Technology,Ticker 103,-16497.18
8/5/2019,Information Technology,Ticker 104,-57180.06
8/5/2019,Materials,Ticker 105,-16310.67335
8/5/2019,Materials,Ticker 106,-1339.457235
8/5/2019,Materials,Ticker 107,10776.46358
8/5/2019,Materials,Ticker 108,1727.095578
8/5/2019,Other,Ticker 109,1556.9601
8/5/2019,Other,Ticker 110,339750.5728
8/5/2019,Other,Ticker 111,140084.08
8/5/2019,Other,Ticker 112,8205.24195
8/5/2019,Other,Ticker 113,5221.58
8/5/2019,Other,Ticker 114,721230.4
8/5/2019,other,Ticker 115,163738.1187
8/5/2019,Other,Ticker 116,514502.814
8/5/2019,Other,Ticker 117,22277.149
8/5/2019,other,Ticker 118,18024.20526
8/5/2019,Real Estate,Ticker 119,-262.1184
8/5/2019,Real Estate,Ticker 120,12890.73476
8/5/2019,Real Estate,Ticker 121,-2065.257952
8/5/2019,Real Estate,Ticker 122,-53703.9102
8/5/2019,Real Estate,Ticker 123,-82299.8815
8/5/2019,Real Estate,Ticker 124,-65413.32
8/5/2019,Real Estate,Ticker 126,-17742.0704
8/5/2019,Utilities,Ticker 127,-47105.6557
8/5/2019,Utilities,Ticker 128,-31361.40803
8/5/2019,Utilities,Ticker 129,-52778.8784
8/5/2019,Utilities,Ticker 130,-11930.0763
8/6/2019,Communication Services,Ticker 1,-4057.739125
8/6/2019,Communication Services,Ticker 2,-4347.23
8/6/2019,Consumer Discretionary,Ticker 5,22790.61
8/6/2019,Consumer Discretionary,Ticker 6,33187.71253
8/6/2019,Consumer Discretionary,Ticker 8,57090
8/6/2019,Consumer Discretionary,Ticker 9,0
8/6/2019,Consumer Staples,Ticker 11,-302338.1734
8/6/2019,Energy,Ticker 14,-18575.12
8/6/2019,Energy,Ticker 15,0
8/6/2019,Energy,Ticker 16,-17718.1161
8/6/2019,Financials,Ticker 17,0
8/6/2019,Financials,Ticker 18,8625.936306
8/6/2019,Financials,Ticker 19,33925.7968
8/6/2019,Financials,Ticker 20,0
8/6/2019,Financials,Ticker 21,-2167.76
8/6/2019,Financials,Ticker 22,0
8/6/2019,Financials,Ticker 23,0
8/6/2019,Financials,Ticker 24,51211.86
8/6/2019,Financials,Ticker 25,873.07
8/6/2019,Financials,Ticker 26,844.8
8/6/2019,Financials,Ticker 27,6.3617
8/6/2019,Financials,Ticker 28,0
8/6/2019,Financials,Ticker 29,2676.2
8/6/2019,Financials,Ticker 30,1677.3
8/6/2019,Financials,Ticker 31,0
8/6/2019,Financials,Ticker 32,866.13
8/6/2019,Financials,Ticker 33,0
8/6/2019,Financials,Ticker 34,0
8/6/2019,Financials,Ticker 35,-6199.804
8/6/2019,Financials,Ticker 36,0
8/6/2019,Financials,Ticker 37,2746.64
8/6/2019,Financials,Ticker 38,0
8/6/2019,Financials,Ticker 39,-849.987
8/6/2019,Financials,Ticker 41,222780.2296
8/6/2019,Financials,Ticker 42,5031.92
8/6/2019,Financials,Ticker 43,20357.44
8/6/2019,Financials,Ticker 44,-424.12
8/6/2019,Financials,Ticker 45,1267.2
8/6/2019,Financials,Ticker 46,2542.98
8/6/2019,Financials,Ticker 47,-4241.16
8/6/2019,Financials,Ticker 48,9884.16
8/6/2019,Financials,Ticker 49,994.824
8/6/2019,Financials,Ticker 50,-3180.85
8/6/2019,Financials,Ticker 51,0
8/6/2019,Financials,Ticker 52,844.79
8/6/2019,Financials,Ticker 53,0
8/6/2019,Financials,Ticker 54,0
8/6/2019,Financials,Ticker 55,0
8/6/2019,Financials,Ticker 56,0
8/6/2019,Financials,Ticker 57,446.55
8/6/2019,Financials,Ticker 58,-90.0744624
8/6/2019,Financials,Ticker 59,0
8/6/2019,Health Care,Ticker 131,-607.005
8/6/2019,Health Care,Ticker 60,30750.72
8/6/2019,Health Care,Ticker 61,844.8
8/6/2019,Health Care,Ticker 62,3401.7
8/6/2019,Health Care,Ticker 63,-38169.75
8/6/2019,Health Care,Ticker 64,8963.7378
8/6/2019,Health Care,Ticker 65,-39061.7931
8/6/2019,Health Care,Ticker 66,-2076.2574
8/6/2019,Health Care,Ticker 68,-3717.12
8/6/2019,Health Care,Ticker 69,0
8/6/2019,Health Care,Ticker 70,-1800
8/6/2019,Health Care,Ticker 71,0
8/6/2019,Health Care,Ticker 72,17149.3
8/6/2019,Health Care,Ticker 73,6956.4
8/6/2019,Health Care,Ticker 74,14059.5
8/6/2019,Health Care,Ticker 75,723.2008
8/6/2019,Health Care,Ticker 76,53965.2956
8/6/2019,Health Care,Ticker 77,33951.41578
8/6/2019,Health Care,Ticker 78,15578.3
8/6/2019,Health Care,Ticker 80,-23195.05
8/6/2019,Health Care,Ticker 81,37533.44
8/6/2019,Health Care,Ticker 82,15289.04
8/6/2019,Health Care,Ticker 83,0
8/6/2019,Health Care,Ticker 85,31236.48
8/6/2019,Health Care,Ticker 86,95639.06
8/6/2019,Health Care,Ticker 87,55249.92
8/6/2019,Health Care,Ticker 88,85803.9
8/6/2019,Health Care,Ticker 89,0
8/6/2019,Health Care,Ticker 90,2515
8/6/2019,Health Care,Ticker 91,549.101534
8/6/2019,Health Care,Ticker 92,-6527.24882
8/6/2019,Health Care,Ticker 93,-21858.93
8/6/2019,Health Care,Ticker 94,0
8/6/2019,Industrials,Ticker 95,23821.57826
8/6/2019,Industrials,Ticker 96,-19401.90208
8/6/2019,Industrials,Ticker 97,74523.2952
8/6/2019,Industrials,Ticker 98,48243.88
8/6/2019,Information Technology,Ticker 99,-1756.722906
8/6/2019,Information Technology,Ticker 100,37223.94
8/6/2019,Information Technology,Ticker 102,-8218.48
8/6/2019,Information Technology,Ticker 103,30244.83
8/6/2019,Information Technology,Ticker 104,14824.46
8/6/2019,Materials,Ticker 106,-169.7464484
8/6/2019,Materials,Ticker 108,-346.288392
8/6/2019,Other,Ticker 110,-135454.835
8/6/2019,Other,Ticker 111,-51865.04
8/6/2019,Other,Ticker 112,93.83504
8/6/2019,Other,Ticker 114,-326741.06
8/6/2019,other,Ticker 115,48522.508
8/6/2019,Other,Ticker 116,-358109.5856
8/6/2019,Other,Ticker 117,771.34
8/6/2019,other,Ticker 118,3515.775915
8/6/2019,Real Estate,Ticker 119,-91.5264
8/6/2019,Real Estate,Ticker 120,-6295.593505
8/6/2019,Real Estate,Ticker 121,-1063.050708
8/6/2019,Real Estate,Ticker 122,27585.0505
8/6/2019,Real Estate,Ticker 123,14087.718
8/6/2019,Real Estate,Ticker 124,49838.72
8/6/2019,Utilities,Ticker 132,2748.7662
8/6/2019,Utilities,Ticker 127,25428.48
8/6/2019,Utilities,Ticker 129,10264.32
8/6/2019,Utilities,Ticker 130,4410.64
8/7/2019,Communication Services,Ticker 1,-1754.041921
8/7/2019,Communication Services,Ticker 2,13041.69
8/7/2019,Consumer Discretionary,Ticker 5,-38354
8/7/2019,Consumer Discretionary,Ticker 6,-37448.18891
8/7/2019,Consumer Discretionary,Ticker 8,-114180
8/7/2019,Consumer Discretionary,Ticker 9,26320
8/7/2019,Consumer Staples,Ticker 11,108671.4276
8/7/2019,Energy,Ticker 14,-23218.9
8/7/2019,Energy,Ticker 15,0
8/7/2019,Energy,Ticker 16,5538.4688
8/7/2019,Financials,Ticker 17,838.66
8/7/2019,Financials,Ticker 18,-14255.94068
8/7/2019,Financials,Ticker 19,-51335.648
8/7/2019,Financials,Ticker 20,0
8/7/2019,Financials,Ticker 21,0
8/7/2019,Financials,Ticker 22,4281.96
8/7/2019,Financials,Ticker 23,0
8/7/2019,Financials,Ticker 24,7315.98
8/7/2019,Financials,Ticker 25,0
8/7/2019,Financials,Ticker 26,-422.4
8/7/2019,Financials,Ticker 27,8270.21
8/7/2019,Financials,Ticker 28,0
8/7/2019,Financials,Ticker 29,-1605.72
8/7/2019,Financials,Ticker 30,0
8/7/2019,Financials,Ticker 31,0
8/7/2019,Financials,Ticker 32,0
8/7/2019,Financials,Ticker 33,0
8/7/2019,Financials,Ticker 34,1517.43
8/7/2019,Financials,Ticker 35,-2146.086
8/7/2019,Financials,Ticker 36,-736.9
8/7/2019,Financials,Ticker 37,-2641
8/7/2019,Financials,Ticker 38,0
8/7/2019,Financials,Ticker 39,0
8/7/2019,Financials,Ticker 41,70210.70445
8/7/2019,Financials,Ticker 42,-8805.86
8/7/2019,Financials,Ticker 43,11451.06
8/7/2019,Financials,Ticker 44,-424.12
8/7/2019,Financials,Ticker 45,253.44
8/7/2019,Financials,Ticker 46,2542.98
8/7/2019,Financials,Ticker 47,-2120.58
8/7/2019,Financials,Ticker 48,-3421.44
8/7/2019,Financials,Ticker 49,0
8/7/2019,Financials,Ticker 50,1272.34
8/7/2019,Financials,Ticker 51,421.83
8/7/2019,Financials,Ticker 52,-844.79
8/7/2019,Financials,Ticker 53,-25690.08
8/7/2019,Financials,Ticker 54,0
8/7/2019,Financials,Ticker 55,-1049.37
8/7/2019,Financials,Ticker 56,0
8/7/2019,Financials,Ticker 57,0
8/7/2019,Financials,Ticker 58,7106.37565
8/7/2019,Financials,Ticker 59,0
8/7/2019,Health Care,Ticker 131,229.313
8/7/2019,Health Care,Ticker 133,447405
8/7/2019,Health Care,Ticker 60,-23654.4
8/7/2019,Health Care,Ticker 61,9715.2
8/7/2019,Health Care,Ticker 62,-5808.785
8/7/2019,Health Care,Ticker 63,-1017.86
8/7/2019,Health Care,Ticker 64,-11456.7895
8/7/2019,Health Care,Ticker 65,12382.33
8/7/2019,Health Care,Ticker 66,0
8/7/2019,Health Care,Ticker 68,13854.72
8/7/2019,Health Care,Ticker 69,0
8/7/2019,Health Care,Ticker 70,1440
8/7/2019,Health Care,Ticker 71,0
8/7/2019,Health Care,Ticker 72,-2449.9
8/7/2019,Health Care,Ticker 73,-24189.3
8/7/2019,Health Care,Ticker 74,-6489
8/7/2019,Health Care,Ticker 75,-7002.6324
8/7/2019,Health Care,Ticker 76,25130.8495
8/7/2019,Health Care,Ticker 77,15533.75415
8/7/2019,Health Care,Ticker 78,35270.4
8/7/2019,Health Care,Ticker 80,2154.18
8/7/2019,Health Care,Ticker 81,2226.56
8/7/2019,Health Care,Ticker 82,-2940.2
8/7/2019,Health Care,Ticker 83,0
8/7/2019,Health Care,Ticker 85,-55123.2
8/7/2019,Health Care,Ticker 86,-30112.52
8/7/2019,Health Care,Ticker 87,-8616.96
8/7/2019,Health Care,Ticker 134,-1258.0012
8/7/2019,Health Care,Ticker 88,-9900.45
8/7/2019,Health Care,Ticker 89,0
8/7/2019,Health Care,Ticker 90,-7545
8/7/2019,Health Care,Ticker 91,1810.075557
8/7/2019,Health Care,Ticker 92,-3384.069024
8/7/2019,Health Care,Ticker 93,-16106.58
8/7/2019,Health Care,Ticker 94,0
8/7/2019,Industrials,Ticker 95,45158.44705
8/7/2019,Industrials,Ticker 96,5167.77855
8/7/2019,Industrials,Ticker 97,14427.50798
8/7/2019,Industrials,Ticker 98,-6292.68
8/7/2019,Information Technology,Ticker 99,324.765807
8/7/2019,Information Technology,Ticker 135,30681.8079
8/7/2019,Information Technology,Ticker 100,77788.49
8/7/2019,Information Technology,Ticker 102,5309.36
8/7/2019,Information Technology,Ticker 103,-14140.44
8/7/2019,Information Technology,Ticker 104,74122.3
8/7/2019,Materials,Ticker 106,280.2516466
8/7/2019,Materials,Ticker 108,-5267.168307
8/7/2019,Other,Ticker 110,-59595.58
8/7/2019,Other,Ticker 111,-12118
8/7/2019,Other,Ticker 114,-26785.044
8/7/2019,other,Ticker 115,-24643.84746
8/7/2019,Other,Ticker 116,-55992.114
8/7/2019,Other,Ticker 117,2114.82
8/7/2019,other,Ticker 118,-1659.4926
8/7/2019,Real Estate,Ticker 119,187.9103184
8/7/2019,Real Estate,Ticker 120,-6001.136456
8/7/2019,Real Estate,Ticker 122,3074.85
8/7/2019,Real Estate,Ticker 123,22884.84
8/7/2019,Real Estate,Ticker 124,-34264.12
8/7/2019,Utilities,Ticker 132,1406.24
8/7/2019,Utilities,Ticker 127,24245.76
8/7/2019,Utilities,Ticker 129,2851.2
8/7/2019,Utilities,Ticker 130,11297.3586
8/8/2019,Communication Services,Ticker 1,4922.63385
8/8/2019,Communication Services,Ticker 2,8694.46
8/8/2019,Consumer Discretionary,Ticker 5,8054.34
8/8/2019,Consumer Discretionary,Ticker 6,64423.78305
8/8/2019,Consumer Discretionary,Ticker 136,23968.5
8/8/2019,Consumer Discretionary,Ticker 137,-7414.14
8/8/2019,Consumer Discretionary,Ticker 8,51900
8/8/2019,Consumer Discretionary,Ticker 9,9400
8/8/2019,Consumer Staples,Ticker 11,-70729.1862
8/8/2019,Energy,Ticker 14,27446.5494
8/8/2019,Energy,Ticker 138,13995.42
8/8/2019,Energy,Ticker 15,0
8/8/2019,Financials,Ticker 17,0
8/8/2019,Financials,Ticker 18,2954.969515
8/8/2019,Financials,Ticker 19,-4854.64
8/8/2019,Financials,Ticker 20,0
8/8/2019,Financials,Ticker 21,0
8/8/2019,Financials,Ticker 22,0
8/8/2019,Financials,Ticker 23,0
8/8/2019,Financials,Ticker 24,-7315.98
8/8/2019,Financials,Ticker 25,986.5691
8/8/2019,Financials,Ticker 26,2323.2
8/8/2019,Financials,Ticker 27,-1609.5101
8/8/2019,Financials,Ticker 28,0
8/8/2019,Financials,Ticker 29,2140.96
8/8/2019,Financials,Ticker 30,0
8/8/2019,Financials,Ticker 139,7905.761311
8/8/2019,Financials,Ticker 31,0
8/8/2019,Financials,Ticker 32,0
8/8/2019,Financials,Ticker 33,0
8/8/2019,Financials,Ticker 34,-1517.43
8/8/2019,Financials,Ticker 35,-9538.16
8/8/2019,Financials,Ticker 36,0
8/8/2019,Financials,Ticker 37,12676.8
8/8/2019,Financials,Ticker 38,0
8/8/2019,Financials,Ticker 39,3758.8314
8/8/2019,Financials,Ticker 41,-33828.41689
8/8/2019,Financials,Ticker 140,149.17
8/8/2019,Financials,Ticker 42,0
8/8/2019,Financials,Ticker 43,6361.7
8/8/2019,Financials,Ticker 44,848.24
8/8/2019,Financials,Ticker 45,1774.08
8/8/2019,Financials,Ticker 46,20923.8445
8/8/2019,Financials,Ticker 47,2120.58
8/8/2019,Financials,Ticker 48,8173.44
8/8/2019,Financials,Ticker 49,773.752
8/8/2019,Financials,Ticker 50,0
8/8/2019,Financials,Ticker 51,-236.2248
8/8/2019,Financials,Ticker 52,0
8/8/2019,Financials,Ticker 53,-1070.42
8/8/2019,Financials,Ticker 54,0
8/8/2019,Financials,Ticker 55,0
8/8/2019,Financials,Ticker 56,0
8/8/2019,Financials,Ticker 141,0
8/8/2019,Financials,Ticker 57,0
8/8/2019,Financials,Ticker 58,2570.688428
8/8/2019,Financials,Ticker 59,0
8/8/2019,Health Care,Ticker 131,229.313
8/8/2019,Health Care,Ticker 133,-157230.9
8/8/2019,Health Care,Ticker 60,111692.17
8/8/2019,Health Care,Ticker 61,15628.8
8/8/2019,Health Care,Ticker 63,97849.6966
8/8/2019,Health Care,Ticker 64,-2621.5797
8/8/2019,Health Care,Ticker 65,18888.3
8/8/2019,Health Care,Ticker 66,2062.1332
8/8/2019,Health Care,Ticker 68,47646.72
8/8/2019,Health Care,Ticker 69,0
8/8/2019,Health Care,Ticker 70,-540
8/8/2019,Health Care,Ticker 71,0
8/8/2019,Health Care,Ticker 72,7349.7
8/8/2019,Health Care,Ticker 73,-5375.4
8/8/2019,Health Care,Ticker 142,1278.3
8/8/2019,Health Care,Ticker 143,0
8/8/2019,Health Care,Ticker 74,-10815
8/8/2019,Health Care,Ticker 75,6857.4005
8/8/2019,Health Care,Ticker 76,30658.679
8/8/2019,Health Care,Ticker 77,48141.35964
8/8/2019,Health Care,Ticker 78,48358.597
8/8/2019,Health Care,Ticker 144,-18322.3
8/8/2019,Health Care,Ticker 80,0
8/8/2019,Health Care,Ticker 81,-12405.12
8/8/2019,Health Care,Ticker 145,-65461.8632
8/8/2019,Health Care,Ticker 82,27637.88
8/8/2019,Health Care,Ticker 146,11646.84
8/8/2019,Health Care,Ticker 83,0
8/8/2019,Health Care,Ticker 85,46548.48
8/8/2019,Health Care,Ticker 86,76918.15
8/8/2019,Health Care,Ticker 87,57530.88
8/8/2019,Health Care,Ticker 134,51875.24
8/8/2019,Health Care,Ticker 88,-36301.65
8/8/2019,Health Care,Ticker 147,-1091.6682
8/8/2019,Health Care,Ticker 89,0
8/8/2019,Health Care,Ticker 90,5030
8/8/2019,Health Care,Ticker 91,250.300153
8/8/2019,Health Care,Ticker 92,2623.279364
8/8/2019,Health Care,Ticker 93,3451.41
8/8/2019,Health Care,Ticker 94,0
8/8/2019,Industrials,Ticker 95,8279.57053
8/8/2019,Industrials,Ticker 96,32150.05211
8/8/2019,Industrials,Ticker 97,30017.09453
8/8/2019,Industrials,Ticker 98,-24488.254
8/8/2019,Industrials,Ticker 148,-53923.3796
8/8/2019,Information Technology,Ticker 135,80329.9432
8/8/2019,Information Technology,Ticker 100,-18675.5918
8/8/2019,Information Technology,Ticker 102,-11187.58
8/8/2019,Information Technology,Ticker 103,20425.08
8/8/2019,Information Technology,Ticker 104,27531.14
8/8/2019,Materials,Ticker 106,-443.8302729
8/8/2019,Materials,Ticker 108,-2727.33957
8/8/2019,Other,Ticker 110,-230304.5645
8/8/2019,Other,Ticker 111,-102275.92
8/8/2019,Other,Ticker 114,-639530.3176
8/8/2019,other,Ticker 115,-150667.4761
8/8/2019,Other,Ticker 116,-394788.714
8/8/2019,Other,Ticker 117,-17902.6185
8/8/2019,other,Ticker 118,-8707.92698
8/8/2019,Real Estate,Ticker 119,-278.946085
8/8/2019,Real Estate,Ticker 120,-10794.65082
8/8/2019,Real Estate,Ticker 122,15989.22
8/8/2019,Real Estate,Ticker 123,22884.84
8/8/2019,Real Estate,Ticker 124,-59183.48
8/8/2019,Real Estate,Ticker 149,8915.91
8/8/2019,Utilities,Ticker 132,7031.2
8/8/2019,Utilities,Ticker 127,27498.24
8/8/2019,Utilities,Ticker 129,15396.48
8/9/2019,Communication Services,Ticker 1,-8925.625871
8/9/2019,Communication Services,Ticker 2,-18979.37
8/9/2019,Consumer Discretionary,Ticker 5,-21861.78
8/9/2019,Consumer Discretionary,Ticker 6,14615.49163
8/9/2019,Consumer Discretionary,Ticker 136,-17576.9
8/9/2019,Consumer Discretionary,Ticker 137,-3664.46
8/9/2019,Consumer Discretionary,Ticker 8,83040
8/9/2019,Consumer Discretionary,Ticker 9,11280
8/9/2019,Consumer Discretionary,Ticker 150,32945.6048
8/9/2019,Consumer Staples,Ticker 11,26237.37
8/9/2019,Energy,Ticker 14,27075.4698
8/9/2019,Energy,Ticker 138,-37605.18
8/9/2019,Energy,Ticker 15,0
8/9/2019,Financials,Ticker 17,0
8/9/2019,Financials,Ticker 18,-20372.94319
8/9/2019,Financials,Ticker 19,-21078.773
8/9/2019,Financials,Ticker 20,13916.24
8/9/2019,Financials,Ticker 21,-6503.28
8/9/2019,Financials,Ticker 22,0
8/9/2019,Financials,Ticker 23,0
8/9/2019,Financials,Ticker 24,9754.64
8/9/2019,Financials,Ticker 25,-3605.7791
8/9/2019,Financials,Ticker 26,-1056
8/9/2019,Financials,Ticker 27,-2232.9567
8/9/2019,Financials,Ticker 28,0
8/9/2019,Financials,Ticker 29,535.24
8/9/2019,Financials,Ticker 30,-838.65
8/9/2019,Financials,Ticker 139,-2612.218541
8/9/2019,Financials,Ticker 31,0
8/9/2019,Financials,Ticker 32,-866.13
8/9/2019,Financials,Ticker 33,0
8/9/2019,Financials,Ticker 34,0
8/9/2019,Financials,Ticker 35,1192.27
8/9/2019,Financials,Ticker 36,0
8/9/2019,Financials,Ticker 37,-14472.68
8/9/2019,Financials,Ticker 38,0
8/9/2019,Financials,Ticker 39,0
8/9/2019,Financials,Ticker 41,88538.7574
8/9/2019,Financials,Ticker 140,1044.19
8/9/2019,Financials,Ticker 42,1257.98
8/9/2019,Financials,Ticker 43,2544.68
8/9/2019,Financials,Ticker 44,381.708
8/9/2019,Financials,Ticker 45,-1013.76
8/9/2019,Financials,Ticker 46,-1538.3376
8/9/2019,Financials,Ticker 47,-1060.29
8/9/2019,Financials,Ticker 151,14313.1744
8/9/2019,Financials,Ticker 48,1710.72
8/9/2019,Financials,Ticker 49,-3979.296
8/9/2019,Financials,Ticker 50,-1272.34
8/9/2019,Financials,Ticker 51,-607.4352
8/9/2019,Financials,Ticker 52,844.79
8/9/2019,Financials,Ticker 53,-5352.33
8/9/2019,Financials,Ticker 54,0
8/9/2019,Financials,Ticker 55,0
8/9/2019,Financials,Ticker 56,0
8/9/2019,Financials,Ticker 141,0
8/9/2019,Financials,Ticker 57,-446.55
8/9/2019,Financials,Ticker 58,146.631188
8/9/2019,Financials,Ticker 152,2982.7
8/9/2019,Financials,Ticker 59,0
8/9/2019,Health Care,Ticker 131,-8812.798512
8/9/2019,Health Care,Ticker 133,45592.7
8/9/2019,Health Care,Ticker 60,-359019.188
8/9/2019,Health Care,Ticker 61,2956.8
8/9/2019,Health Care,Ticker 63,-33825.9901
8/9/2019,Health Care,Ticker 64,8918.03
8/9/2019,Health Care,Ticker 65,-25604.14
8/9/2019,Health Care,Ticker 66,-7704.7511
8/9/2019,Health Care,Ticker 68,-22640.64
8/9/2019,Health Care,Ticker 69,0
8/9/2019,Health Care,Ticker 70,0
8/9/2019,Health Care,Ticker 71,0
8/9/2019,Health Care,Ticker 72,4899.8
8/9/2019,Health Care,Ticker 73,30829.5
8/9/2019,Health Care,Ticker 142,14913.5
8/9/2019,Health Care,Ticker 143,0
8/9/2019,Health Care,Ticker 74,-9733.5
8/9/2019,Health Care,Ticker 75,-13240.48
8/9/2019,Health Care,Ticker 76,14329.321
8/9/2019,Health Care,Ticker 77,-11543.62347
8/9/2019,Health Care,Ticker 78,48666.753
8/9/2019,Health Care,Ticker 144,19174.5
8/9/2019,Health Care,Ticker 80,146369.4556
8/9/2019,Health Care,Ticker 81,-40970.5745
8/9/2019,Health Care,Ticker 145,-22093.59
8/9/2019,Health Care,Ticker 82,3828.2804
8/9/2019,Health Care,Ticker 146,-2803.08
8/9/2019,Health Care,Ticker 83,0
8/9/2019,Health Care,Ticker 153,-13209.1
8/9/2019,Health Care,Ticker 85,-34697.3782
8/9/2019,Health Care,Ticker 86,-31644.14
8/9/2019,Health Care,Ticker 87,-4815.36
8/9/2019,Health Care,Ticker 134,10247.74
8/9/2019,Health Care,Ticker 88,-52802.4
8/9/2019,Health Care,Ticker 147,-7755.02
8/9/2019,Health Care,Ticker 89,0
8/9/2019,Health Care,Ticker 90,5030
8/9/2019,Health Care,Ticker 91,7.087572
8/9/2019,Health Care,Ticker 93,10354.23
8/9/2019,Health Care,Ticker 94,0
8/9/2019,Industrials,Ticker 95,-709.23733
8/9/2019,Industrials,Ticker 96,-5379.345943
8/9/2019,Industrials,Ticker 97,-22179.7626
8/9/2019,Industrials,Ticker 148,-179846.1886
8/9/2019,Information Technology,Ticker 135,36962.5205
8/9/2019,Information Technology,Ticker 100,-29541.56
8/9/2019,Information Technology,Ticker 102,-2976.8645
8/9/2019,Information Technology,Ticker 103,33444.4767
8/9/2019,Information Technology,Ticker 154,-85421.2098
8/9/2019,Information Technology,Ticker 104,1058.89
8/9/2019,Materials,Ticker 108,-1981.078552
8/9/2019,Other,Ticker 110,49619.1146
8/9/2019,Other,Ticker 111,20842.96
8/9/2019,Other,Ticker 114,262845.2302
8/9/2019,other,Ticker 115,60913.68832
8/9/2019,Other,Ticker 116,210469.4592
8/9/2019,Other,Ticker 117,16344.9
8/9/2019,other,Ticker 118,492.43243
8/9/2019,Real Estate,Ticker 119,16.32915922
8/9/2019,Real Estate,Ticker 120,13063.94302
8/9/2019,Real Estate,Ticker 122,3074.85
8/9/2019,Real Estate,Ticker 123,-5721.21
8/9/2019,Real Estate,Ticker 124,-59183.48
8/9/2019,Real Estate,Ticker 149,2684.36
8/9/2019,Utilities,Ticker 132,2365.04
8/9/2019,Utilities,Ticker 127,-21880.32
8/9/2019,Utilities,Ticker 129,25090.56
8/12/2019,Communication Services,Ticker 1,-4564.161719
8/12/2019,Communication Services,Ticker 2,-23962.78
8/12/2019,Consumer Discretionary,Ticker 5,4861.6012
8/12/2019,Consumer Discretionary,Ticker 6,-42933.89742
8/12/2019,Consumer Discretionary,Ticker 136,-17576.9
8/12/2019,Consumer Discretionary,Ticker 137,9288.98
8/12/2019,Consumer Discretionary,Ticker 8,-108990
8/12/2019,Consumer Discretionary,Ticker 9,-18800
8/12/2019,Consumer Discretionary,Ticker 150,14572.8
8/12/2019,Consumer Staples,Ticker 11,74470.14
8/12/2019,Energy,Ticker 14,-85813.5
8/12/2019,Energy,Ticker 138,-17812.98
8/12/2019,Energy,Ticker 15,0
8/12/2019,Financials,Ticker 17,0
8/12/2019,Financials,Ticker 18,-10875.14666
8/12/2019,Financials,Ticker 19,-92734.18
8/12/2019,Financials,Ticker 20,0
8/12/2019,Financials,Ticker 21,-4335.52
8/12/2019,Financials,Ticker 22,-4281.96
8/12/2019,Financials,Ticker 23,0
8/12/2019,Financials,Ticker 24,0
8/12/2019,Financials,Ticker 25,0
8/12/2019,Financials,Ticker 26,-633.6
8/12/2019,Financials,Ticker 27,0
8/12/2019,Financials,Ticker 28,0
8/12/2019,Financials,Ticker 29,0
8/12/2019,Financials,Ticker 30,0
8/12/2019,Financials,Ticker 31,0
8/12/2019,Financials,Ticker 32,0
8/12/2019,Financials,Ticker 33,0
8/12/2019,Financials,Ticker 34,0
8/12/2019,Financials,Ticker 35,-1788.405
8/12/2019,Financials,Ticker 36,1031.66
8/12/2019,Financials,Ticker 37,-11197.84
8/12/2019,Financials,Ticker 38,0
8/12/2019,Financials,Ticker 39,0
8/12/2019,Financials,Ticker 41,-112981.9887
8/12/2019,Financials,Ticker 140,3089.95
8/12/2019,Financials,Ticker 42,-729.6284
8/12/2019,Financials,Ticker 43,-6361.7
8/12/2019,Financials,Ticker 44,0
8/12/2019,Financials,Ticker 45,-1013.76
8/12/2019,Financials,Ticker 46,-4487.48
8/12/2019,Financials,Ticker 47,0
8/12/2019,Financials,Ticker 151,7353.9243
8/12/2019,Financials,Ticker 48,3611.52
8/12/2019,Financials,Ticker 49,0
8/12/2019,Financials,Ticker 50,-636.17
8/12/2019,Financials,Ticker 51,1265.49
8/12/2019,Financials,Ticker 52,-228.0933
8/12/2019,Financials,Ticker 53,0
8/12/2019,Financials,Ticker 54,0
8/12/2019,Financials,Ticker 55,1049.37
8/12/2019,Financials,Ticker 56,0
8/12/2019,Financials,Ticker 141,0
8/12/2019,Financials,Ticker 57,446.55
8/12/2019,Financials,Ticker 58,4770.958995
8/12/2019,Financials,Ticker 152,-426.1
8/12/2019,Financials,Ticker 59,0
8/12/2019,Health Care,Ticker 133,143676.3442
8/12/2019,Health Care,Ticker 60,-86237.36
8/12/2019,Health Care,Ticker 61,14784
8/12/2019,Health Care,Ticker 63,-38939.92
8/12/2019,Health Care,Ticker 64,-4510.781
8/12/2019,Health Care,Ticker 65,-35258.16
8/12/2019,Health Care,Ticker 66,0
8/12/2019,Health Care,Ticker 68,-11489.28
8/12/2019,Health Care,Ticker 69,0
8/12/2019,Health Care,Ticker 70,360
8/12/2019,Health Care,Ticker 71,0
8/12/2019,Health Care,Ticker 72,17149.3
8/12/2019,Health Care,Ticker 73,-11857.5
8/12/2019,Health Care,Ticker 142,-852.2
8/12/2019,Health Care,Ticker 143,0
8/12/2019,Health Care,Ticker 74,23793
8/12/2019,Health Care,Ticker 75,-7071.62
8/12/2019,Health Care,Ticker 76,16112.6796
8/12/2019,Health Care,Ticker 77,-16328.44963
8/12/2019,Health Care,Ticker 78,37113.112
8/12/2019,Health Care,Ticker 144,-11504.7
8/12/2019,Health Care,Ticker 80,-17296.65
8/12/2019,Health Care,Ticker 145,-19920.45
8/12/2019,Health Care,Ticker 82,548.4014
8/12/2019,Health Care,Ticker 146,-2070.36
8/12/2019,Health Care,Ticker 83,0
8/12/2019,Health Care,Ticker 153,25566
8/12/2019,Health Care,Ticker 85,-107322.0838
8/12/2019,Health Care,Ticker 86,-29782.72
8/12/2019,Health Care,Ticker 87,-19514.88
8/12/2019,Health Care,Ticker 134,-12186.2
8/12/2019,Health Care,Ticker 88,-69963.18
8/12/2019,Health Care,Ticker 147,19472.62
8/12/2019,Health Care,Ticker 89,0
8/12/2019,Health Care,Ticker 90,-17605
8/12/2019,Health Care,Ticker 91,505.336935
8/12/2019,Health Care,Ticker 93,32213.16
8/12/2019,Health Care,Ticker 94,0
8/12/2019,Industrials,Ticker 96,-1661.494757
8/12/2019,Industrials,Ticker 97,-38037.07554
8/12/2019,Industrials,Ticker 148,-24713.8
8/12/2019,Information Technology,Ticker 135,23303.2
8/12/2019,Information Technology,Ticker 100,-54838.08
8/12/2019,Information Technology,Ticker 102,12672
8/12/2019,Information Technology,Ticker 103,29338.0762
8/12/2019,Information Technology,Ticker 154,-128887.4535
8/12/2019,Information Technology,Ticker 104,3176.67
8/12/2019,Materials,Ticker 108,-2795.858628
8/12/2019,Other,Ticker 110,292703.923
8/12/2019,Other,Ticker 111,67376.08
8/12/2019,Other,Ticker 114,488613.5328
8/12/2019,other,Ticker 115,-2907.32638
8/12/2019,Other,Ticker 116,448770.116
8/12/2019,Other,Ticker 117,18078.45
8/12/2019,other,Ticker 118,52.68555
8/12/2019,Real Estate,Ticker 120,21057.57607
8/12/2019,Real Estate,Ticker 122,12650.6155
8/12/2019,Real Estate,Ticker 123,-17163.63
8/12/2019,Real Estate,Ticker 124,98119.98
8/12/2019,Real Estate,Ticker 149,1438.05
8/12/2019,Utilities,Ticker 132,-383.52
8/12/2019,Utilities,Ticker 127,-38734.08
8/12/2019,Utilities,Ticker 129,-570.24
8/13/2019,Communication Services,Ticker 1,5755.859516
8/13/2019,Communication Services,Ticker 2,-10815.06
8/13/2019,Consumer Discretionary,Ticker 5,-5330.6652
8/13/2019,Consumer Discretionary,Ticker 6,13350.17558
8/13/2019,Consumer Discretionary,Ticker 136,-20762.982
8/13/2019,Consumer Discretionary,Ticker 137,17515.8186
8/13/2019,Consumer Discretionary,Ticker 8,173859.77
8/13/2019,Consumer Discretionary,Ticker 9,18800
8/13/2019,Consumer Discretionary,Ticker 150,15565.249
8/13/2019,Consumer Staples,Ticker 11,-26341.0989
8/13/2019,Consumer Staples,Ticker 155,-10859.2448
8/13/2019,Energy,Ticker 14,4112.715
8/13/2019,Energy,Ticker 138,13194.8
8/13/2019,Energy,Ticker 15,0
8/13/2019,Financials,Ticker 17,0
8/13/2019,Financials,Ticker 18,-12985.50205
8/13/2019,Financials,Ticker 19,-1477.4323
8/13/2019,Financials,Ticker 20,3211.44
8/13/2019,Financials,Ticker 21,41187.44
8/13/2019,Financials,Ticker 22,0
8/13/2019,Financials,Ticker 23,0
8/13/2019,Financials,Ticker 24,-2438.66
8/13/2019,Financials,Ticker 25,2304.9048
8/13/2019,Financials,Ticker 26,-105.6
8/13/2019,Financials,Ticker 27,661.6168
8/13/2019,Financials,Ticker 28,0
8/13/2019,Financials,Ticker 29,535.24
8/13/2019,Financials,Ticker 30,3354.6
8/13/2019,Financials,Ticker 31,6337.95
8/13/2019,Financials,Ticker 32,-1732.26
8/13/2019,Financials,Ticker 33,0
8/13/2019,Financials,Ticker 34,3034.86
8/13/2019,Financials,Ticker 35,1788.405
8/13/2019,Financials,Ticker 36,0
8/13/2019,Financials,Ticker 37,8335.1436
8/13/2019,Financials,Ticker 38,0
8/13/2019,Financials,Ticker 39,0
8/13/2019,Financials,Ticker 41,39461.00105
8/13/2019,Financials,Ticker 140,2280.17
8/13/2019,Financials,Ticker 42,-528.3516
8/13/2019,Financials,Ticker 43,3706.8968
8/13/2019,Financials,Ticker 44,-381.708
8/13/2019,Financials,Ticker 45,0
8/13/2019,Financials,Ticker 46,15180.0106
8/13/2019,Financials,Ticker 47,1060.29
8/13/2019,Financials,Ticker 151,-19089.56
8/13/2019,Financials,Ticker 48,20908.8
8/13/2019,Financials,Ticker 49,0
8/13/2019,Financials,Ticker 50,1272.34
8/13/2019,Financials,Ticker 51,-1265.49
8/13/2019,Financials,Ticker 52,228.0933
8/13/2019,Financials,Ticker 53,119
8/13/2019,Financials,Ticker 54,0
8/13/2019,Financials,Ticker 55,0
8/13/2019,Financials,Ticker 56,0
8/13/2019,Financials,Ticker 141,191.745
8/13/2019,Financials,Ticker 57,0
8/13/2019,Financials,Ticker 58,11180.7384
8/13/2019,Financials,Ticker 152,852.2
8/13/2019,Financials,Ticker 59,0
8/13/2019,Health Care,Ticker 133,-16641.26
8/13/2019,Health Care,Ticker 60,39198.8
8/13/2019,Health Care,Ticker 61,-2534.4
8/13/2019,Health Care,Ticker 63,15.46
8/13/2019,Health Care,Ticker 64,1930.004
8/13/2019,Health Care,Ticker 65,24135.05
8/13/2019,Health Care,Ticker 66,0
8/13/2019,Health Care,Ticker 68,12503.04
8/13/2019,Health Care,Ticker 69,0
8/13/2019,Health Care,Ticker 70,-180
8/13/2019,Health Care,Ticker 71,0
8/13/2019,Health Care,Ticker 72,-8302.35
8/13/2019,Health Care,Ticker 73,11153.6893
8/13/2019,Health Care,Ticker 142,6391.5
8/13/2019,Health Care,Ticker 143,0
8/13/2019,Health Care,Ticker 74,9733.5
8/13/2019,Health Care,Ticker 75,2559.3599
8/13/2019,Health Care,Ticker 76,53796.9943
8/13/2019,Health Care,Ticker 77,4271.460428
8/13/2019,Health Care,Ticker 78,-1858.56
8/13/2019,Health Care,Ticker 144,10652.5
8/13/2019,Health Care,Ticker 80,-18943.95
8/13/2019,Health Care,Ticker 145,30061.77
8/13/2019,Health Care,Ticker 82,-4531.3065
8/13/2019,Health Care,Ticker 146,-1030.92
8/13/2019,Health Care,Ticker 83,0
8/13/2019,Health Care,Ticker 153,30299.62
8/13/2019,Health Care,Ticker 85,12099.0732
8/13/2019,Health Care,Ticker 86,13916.7
8/13/2019,Health Care,Ticker 87,59797.2612
8/13/2019,Health Care,Ticker 134,3983.95
8/13/2019,Health Care,Ticker 88,-3300.15
8/13/2019,Health Care,Ticker 147,-5965.36
8/13/2019,Health Care,Ticker 89,0
8/13/2019,Health Care,Ticker 90,30180
8/13/2019,Health Care,Ticker 91,804.752109
8/13/2019,Health Care,Ticker 93,1917.45
8/13/2019,Health Care,Ticker 94,0
8/13/2019,Industrials,Ticker 96,-11689.26626
8/13/2019,Industrials,Ticker 97,38398.44064
8/13/2019,Industrials,Ticker 148,-47297.1
8/13/2019,Information Technology,Ticker 135,33157.1501
8/13/2019,Information Technology,Ticker 100,9139.68
8/13/2019,Information Technology,Ticker 156,-5532.4624
8/13/2019,Information Technology,Ticker 102,13432.32
8/13/2019,Information Technology,Ticker 103,-3691.308
8/13/2019,Information Technology,Ticker 154,33528.2301
8/13/2019,Information Technology,Ticker 104,0
8/13/2019,Other,Ticker 110,-158531.4116
8/13/2019,Other,Ticker 111,-68345.52
8/13/2019,Other,Ticker 114,-640818.86
8/13/2019,other,Ticker 115,-46744.3708
8/13/2019,Other,Ticker 116,-313554.8132
8/13/2019,Other,Ticker 117,-14611.35
8/13/2019,Real Estate,Ticker 120,-31857.95332
8/13/2019,Real Estate,Ticker 122,9733.7315
8/13/2019,Real Estate,Ticker 123,-140.5226
8/13/2019,Real Estate,Ticker 124,68320.8982
8/13/2019,Real Estate,Ticker 149,-2205.01
8/13/2019,Real Estate,Ticker 157,-17428.7322
8/13/2019,Utilities,Ticker 132,-286.9136
8/13/2019,Utilities,Ticker 127,4139.52
8/13/2019,Utilities,Ticker 129,10834.56
8/14/2019,Communication Services,Ticker 1,-1099.63636
8/14/2019,Communication Services,Ticker 2,-25564.5793
8/14/2019,Consumer Discretionary,Ticker 5,-16069.2126
8/14/2019,Consumer Discretionary,Ticker 6,-77183.8341
8/14/2019,Consumer Discretionary,Ticker 136,-35505.7179
8/14/2019,Consumer Discretionary,Ticker 8,-137967.5
8/14/2019,Consumer Discretionary,Ticker 9,-33840
8/14/2019,Consumer Discretionary,Ticker 150,-35797.2272
8/14/2019,Consumer Staples,Ticker 11,-66174.86
8/14/2019,Consumer Staples,Ticker 155,-1879.64
8/14/2019,Energy,Ticker 14,-136643.35
8/14/2019,Energy,Ticker 138,-15174.02
8/14/2019,Energy,Ticker 15,0
8/14/2019,Financials,Ticker 17,0
8/14/2019,Financials,Ticker 18,29782.55791
8/14/2019,Financials,Ticker 19,-59650.2448
8/14/2019,Financials,Ticker 20,-1070.48
8/14/2019,Financials,Ticker 21,2167.76
8/14/2019,Financials,Ticker 22,-2140.98
8/14/2019,Financials,Ticker 23,0
8/14/2019,Financials,Ticker 24,0
8/14/2019,Financials,Ticker 25,-558.7648
8/14/2019,Financials,Ticker 26,-4224
8/14/2019,Financials,Ticker 27,0
8/14/2019,Financials,Ticker 28,0
8/14/2019,Financials,Ticker 29,-2140.96
8/14/2019,Financials,Ticker 30,0
8/14/2019,Financials,Ticker 31,0
8/14/2019,Financials,Ticker 32,866.13
8/14/2019,Financials,Ticker 33,0
8/14/2019,Financials,Ticker 34,0
8/14/2019,Financials,Ticker 35,8345.89
8/14/2019,Financials,Ticker 36,0
8/14/2019,Financials,Ticker 38,0
8/14/2019,Financials,Ticker 39,0
8/14/2019,Financials,Ticker 158,-8948.1
8/14/2019,Financials,Ticker 140,-5050.47
8/14/2019,Financials,Ticker 42,-3786.5198
8/14/2019,Financials,Ticker 43,-10186.5229
8/14/2019,Financials,Ticker 44,0
8/14/2019,Financials,Ticker 45,-5829.12
8/14/2019,Financials,Ticker 46,-26558.6645
8/14/2019,Financials,Ticker 47,0
8/14/2019,Financials,Ticker 151,-17956.5352
8/14/2019,Financials,Ticker 48,-7793.28
8/14/2019,Financials,Ticker 49,0
8/14/2019,Financials,Ticker 50,-2544.68
8/14/2019,Financials,Ticker 51,421.83
8/14/2019,Financials,Ticker 52,0
8/14/2019,Financials,Ticker 53,-33640.96
8/14/2019,Financials,Ticker 54,0
8/14/2019,Financials,Ticker 55,0
8/14/2019,Financials,Ticker 56,0
8/14/2019,Financials,Ticker 141,-191.745
8/14/2019,Financials,Ticker 57,0
8/14/2019,Financials,Ticker 58,-2327.435075
8/14/2019,Financials,Ticker 152,852.2
8/14/2019,Financials,Ticker 59,-1056.34
8/14/2019,Health Care,Ticker 133,-125758.8
8/14/2019,Health Care,Ticker 60,51938.41
8/14/2019,Health Care,Ticker 61,-10137.6
8/14/2019,Health Care,Ticker 63,-7491.5608
8/14/2019,Health Care,Ticker 65,-17209.34
8/14/2019,Health Care,Ticker 66,0
8/14/2019,Health Care,Ticker 68,-12503.04
8/14/2019,Health Care,Ticker 69,0
8/14/2019,Health Care,Ticker 70,180
8/14/2019,Health Care,Ticker 71,0
8/14/2019,Health Care,Ticker 72,-18247.5
8/14/2019,Health Care,Ticker 73,-305.02
8/14/2019,Health Care,Ticker 142,10226.4
8/14/2019,Health Care,Ticker 143,0
8/14/2019,Health Care,Ticker 74,-158534.222
8/14/2019,Health Care,Ticker 75,-14993
8/14/2019,Health Care,Ticker 76,25357.4443
8/14/2019,Health Care,Ticker 77,36927.4386
8/14/2019,Health Care,Ticker 78,-58893.12
8/14/2019,Health Care,Ticker 144,98226.6035
8/14/2019,Health Care,Ticker 80,-63970.15
8/14/2019,Health Care,Ticker 145,-6157.23
8/14/2019,Health Care,Ticker 82,-9160.2553
8/14/2019,Health Care,Ticker 146,-1695.48
8/14/2019,Health Care,Ticker 83,0
8/14/2019,Health Care,Ticker 159,167464.4389
8/14/2019,Health Care,Ticker 153,-14329.8
8/14/2019,Health Care,Ticker 85,-30211.7865
8/14/2019,Health Care,Ticker 86,-30175.1791
8/14/2019,Health Care,Ticker 134,-6561.8
8/14/2019,Health Care,Ticker 88,45542.07
8/14/2019,Health Care,Ticker 147,-49959.89
8/14/2019,Health Care,Ticker 89,0
8/14/2019,Health Care,Ticker 90,-30180
8/14/2019,Health Care,Ticker 91,-2452.716828
8/14/2019,Health Care,Ticker 93,-7669.8
8/14/2019,Health Care,Ticker 94,0
8/14/2019,Industrials,Ticker 97,-64729.664
8/14/2019,Industrials,Ticker 148,-110885.588
8/14/2019,Information Technology,Ticker 135,-112571.5999
8/14/2019,Information Technology,Ticker 100,-60100.32
8/14/2019,Information Technology,Ticker 156,-21049.72
8/14/2019,Information Technology,Ticker 160,-89937.616
8/14/2019,Information Technology,Ticker 102,-1013.76
8/14/2019,Information Technology,Ticker 103,-43106.3932
8/14/2019,Information Technology,Ticker 154,-54200.5965
8/14/2019,Information Technology,Ticker 104,-18001.13
8/14/2019,Information Technology,Ticker 161,-19813.65
8/14/2019,Other,Ticker 110,276405.8846
8/14/2019,Other,Ticker 111,172075.6
8/14/2019,Other,Ticker 114,1181975.737
8/14/2019,other,Ticker 115,78481.96884
8/14/2019,Other,Ticker 116,525630.6516
8/14/2019,Other,Ticker 117,57429.372
8/14/2019,Real Estate,Ticker 120,-19688.84359
8/14/2019,Real Estate,Ticker 122,-3067.9446
8/14/2019,Real Estate,Ticker 123,-11636.8075
8/14/2019,Real Estate,Ticker 124,-27996.8889
8/14/2019,Real Estate,Ticker 149,-6039.81
8/14/2019,Real Estate,Ticker 157,-35793.1
8/14/2019,Utilities,Ticker 127,-39807.0665
8/14/2019,Utilities,Ticker 129,-2851.2
8/15/2019,Communication Services,Ticker 1,-2040.463391
8/15/2019,Consumer Discretionary,Ticker 5,-4003.0888
8/15/2019,Consumer Discretionary,Ticker 6,-6917.595564
8/15/2019,Consumer Discretionary,Ticker 136,1905.1397
8/15/2019,Consumer Discretionary,Ticker 8,123248.67
8/15/2019,Consumer Discretionary,Ticker 9,37600
8/15/2019,Consumer Discretionary,Ticker 150,-7414.14
8/15/2019,Consumer Staples,Ticker 11,-285737.9298
8/15/2019,Energy,Ticker 14,-39670.65
8/15/2019,Energy,Ticker 138,-11875.32
8/15/2019,Energy,Ticker 15,0
8/15/2019,Financials,Ticker 17,0
8/15/2019,Financials,Ticker 18,-20391.1425
8/15/2019,Financials,Ticker 19,-3396.2189
8/15/2019,Financials,Ticker 20,-2140.96
8/15/2019,Financials,Ticker 21,-10838.8
8/15/2019,Financials,Ticker 22,0
8/15/2019,Financials,Ticker 23,-7136.549995
8/15/2019,Financials,Ticker 24,0
8/15/2019,Financials,Ticker 162,789.9677
8/15/2019,Financials,Ticker 25,-1746.14
8/15/2019,Financials,Ticker 26,0
8/15/2019,Financials,Ticker 27,2544.68
8/15/2019,Financials,Ticker 28,0
8/15/2019,Financials,Ticker 29,2676.2
8/15/2019,Financials,Ticker 30,0
8/15/2019,Financials,Ticker 31,0
8/15/2019,Financials,Ticker 32,0
8/15/2019,Financials,Ticker 33,0
8/15/2019,Financials,Ticker 34,-4552.29
8/15/2019,Financials,Ticker 35,-8345.89
8/15/2019,Financials,Ticker 36,0
8/15/2019,Financials,Ticker 38,0
8/15/2019,Financials,Ticker 39,-3758.8314
8/15/2019,Financials,Ticker 158,-7669.8
8/15/2019,Financials,Ticker 140,-404.89
8/15/2019,Financials,Ticker 42,1396.3578
8/15/2019,Financials,Ticker 43,-1786.5958
8/15/2019,Financials,Ticker 44,0
8/15/2019,Financials,Ticker 45,1013.76
8/15/2019,Financials,Ticker 46,-5569.6179
8/15/2019,Financials,Ticker 47,0
8/15/2019,Financials,Ticker 151,-5368.95
8/15/2019,Financials,Ticker 48,-760.32
8/15/2019,Financials,Ticker 49,0
8/15/2019,Financials,Ticker 50,0
8/15/2019,Financials,Ticker 51,-421.83
8/15/2019,Financials,Ticker 52,844.79
8/15/2019,Financials,Ticker 53,-50678.7064
8/15/2019,Financials,Ticker 54,-1014.072
8/15/2019,Financials,Ticker 55,-1049.37
8/15/2019,Financials,Ticker 56,0
8/15/2019,Financials,Ticker 141,1917.45
8/15/2019,Financials,Ticker 57,446.55
8/15/2019,Financials,Ticker 58,-1968.963878
8/15/2019,Financials,Ticker 152,0
8/15/2019,Financials,Ticker 59,2640.85
8/15/2019,Health Care,Ticker 133,-23055.78
8/15/2019,Health Care,Ticker 60,-36841.492
8/15/2019,Health Care,Ticker 61,-8025.6
8/15/2019,Health Care,Ticker 63,-11262.3319
8/15/2019,Health Care,Ticker 65,2452.1741
8/15/2019,Health Care,Ticker 66,0
8/15/2019,Health Care,Ticker 68,-9004.632
8/15/2019,Health Care,Ticker 69,0
8/15/2019,Health Care,Ticker 70,-720
8/15/2019,Health Care,Ticker 71,0
8/15/2019,Health Care,Ticker 72,1212.7254
8/15/2019,Health Care,Ticker 73,-14488.45
8/15/2019,Health Care,Ticker 163,-45336.9
8/15/2019,Health Care,Ticker 142,6817.6
8/15/2019,Health Care,Ticker 143,0
8/15/2019,Health Care,Ticker 74,-24774.2186
8/15/2019,Health Care,Ticker 75,-10561.8654
8/15/2019,Health Care,Ticker 76,-19248.412
8/15/2019,Health Care,Ticker 78,-21954.24
8/15/2019,Health Care,Ticker 144,49373.4739
8/15/2019,Health Care,Ticker 80,3020.05
8/15/2019,Health Care,Ticker 145,-41026.4608
8/15/2019,Health Care,Ticker 82,-9342.0327
8/15/2019,Health Care,Ticker 146,2240.76
8/15/2019,Health Care,Ticker 83,0
8/15/2019,Health Care,Ticker 159,-697.268
8/15/2019,Health Care,Ticker 153,6787.8
8/15/2019,Health Care,Ticker 134,6327.45
8/15/2019,Health Care,Ticker 88,0
8/15/2019,Health Care,Ticker 147,-32217.0565
8/15/2019,Health Care,Ticker 89,0
8/15/2019,Health Care,Ticker 90,-7545
8/15/2019,Health Care,Ticker 91,-951.935038
8/15/2019,Health Care,Ticker 93,-3834.9
8/15/2019,Health Care,Ticker 94,0
8/15/2019,Industrials,Ticker 97,-36816.64
8/15/2019,Industrials,Ticker 148,-60606.2938
8/15/2019,Information Technology,Ticker 164,-213.04
8/15/2019,Information Technology,Ticker 135,-4417.3915
8/15/2019,Information Technology,Ticker 100,-7811.1164
8/15/2019,Information Technology,Ticker 156,3600.61
8/15/2019,Information Technology,Ticker 160,45166.6
8/15/2019,Information Technology,Ticker 102,-7603.2
8/15/2019,Information Technology,Ticker 103,-10114.1897
8/15/2019,Information Technology,Ticker 154,-44311.7836
8/15/2019,Information Technology,Ticker 104,-4235.56
8/15/2019,Information Technology,Ticker 161,-6561.94
8/15/2019,Other,Ticker 110,-419.38
8/15/2019,Other,Ticker 111,2423.6
8/15/2019,Other,Ticker 165,-1004.969148
8/15/2019,Other,Ticker 114,-92600.5968
8/15/2019,other,Ticker 115,-117.89262
8/15/2019,Other,Ticker 116,71201.0048
8/15/2019,Other,Ticker 117,9003.3032
8/15/2019,Real Estate,Ticker 122,-972.678
8/15/2019,Real Estate,Ticker 124,15653.764
8/15/2019,Real Estate,Ticker 149,287.61
8/15/2019,Real Estate,Ticker 157,36304.43
8/15/2019,Utilities,Ticker 129,-50532.1227
8/16/2019,Communication Services,Ticker 1,-132.2239847
8/16/2019,Communication Services,Ticker 166,1199.0454
8/16/2019,Communication Services,Ticker 167,78202.03611
8/16/2019,Consumer Discretionary,Ticker 6,40729.2727
8/16/2019,Consumer Discretionary,Ticker 136,-8129.14
8/16/2019,Consumer Discretionary,Ticker 8,54048.38
8/16/2019,Consumer Discretionary,Ticker 9,16920
8/16/2019,Consumer Discretionary,Ticker 150,23264.738
8/16/2019,Energy,Ticker 14,69903.5088
8/16/2019,Energy,Ticker 138,25070.12
8/16/2019,Energy,Ticker 15,0
8/16/2019,Financials,Ticker 17,1257.99
8/16/2019,Financials,Ticker 18,21236.1
8/16/2019,Financials,Ticker 19,1978.7725
8/16/2019,Financials,Ticker 20,-1070.48
8/16/2019,Financials,Ticker 21,-1083.88
8/16/2019,Financials,Ticker 22,-38537.64
8/16/2019,Financials,Ticker 23,2854.619998
8/16/2019,Financials,Ticker 24,0
8/16/2019,Financials,Ticker 25,0
8/16/2019,Financials,Ticker 26,422.4
8/16/2019,Financials,Ticker 27,-3180.85
8/16/2019,Financials,Ticker 28,0
8/16/2019,Financials,Ticker 29,0
8/16/2019,Financials,Ticker 30,0
8/16/2019,Financials,Ticker 31,0
8/16/2019,Financials,Ticker 32,0
8/16/2019,Financials,Ticker 33,0
8/16/2019,Financials,Ticker 34,-7587.15
8/16/2019,Financials,Ticker 35,10730.43
8/16/2019,Financials,Ticker 36,0
8/16/2019,Financials,Ticker 38,0
8/16/2019,Financials,Ticker 39,3777.72
8/16/2019,Financials,Ticker 158,12783
8/16/2019,Financials,Ticker 140,5199.64
8/16/2019,Financials,Ticker 42,0
8/16/2019,Financials,Ticker 44,0
8/16/2019,Financials,Ticker 45,3041.28
8/16/2019,Financials,Ticker 46,-116.1304
8/16/2019,Financials,Ticker 47,-1060.29
8/16/2019,Financials,Ticker 151,13153.4958
8/16/2019,Financials,Ticker 48,-9694.08
8/16/2019,Financials,Ticker 49,0
8/16/2019,Financials,Ticker 50,-1272.34
8/16/2019,Financials,Ticker 51,-160.2954
8/16/2019,Financials,Ticker 52,0
8/16/2019,Financials,Ticker 53,-561.545
8/16/2019,Financials,Ticker 54,169.012
8/16/2019,Financials,Ticker 55,0
8/16/2019,Financials,Ticker 56,0
8/16/2019,Financials,Ticker 141,-1278.3
8/16/2019,Financials,Ticker 57,446.55
8/16/2019,Financials,Ticker 58,-175.2735447
8/16/2019,Financials,Ticker 152,-1278.3
8/16/2019,Financials,Ticker 59,-1584.51
8/16/2019,Health Care,Ticker 133,189156.0806
8/16/2019,Health Care,Ticker 60,29025.134
8/16/2019,Health Care,Ticker 61,11827.2
8/16/2019,Health Care,Ticker 63,-1076.7548
8/16/2019,Health Care,Ticker 66,-7.0621
8/16/2019,Health Care,Ticker 69,0
8/16/2019,Health Care,Ticker 70,1080
8/16/2019,Health Care,Ticker 71,0
8/16/2019,Health Care,Ticker 72,-8567.9532
8/16/2019,Health Care,Ticker 73,-3812.75
8/16/2019,Health Care,Ticker 163,45336.9
8/16/2019,Health Care,Ticker 142,3408.8
8/16/2019,Health Care,Ticker 143,0
8/16/2019,Health Care,Ticker 74,-771.2832
8/16/2019,Health Care,Ticker 75,-2855.0216
8/16/2019,Health Care,Ticker 78,10164
8/16/2019,Health Care,Ticker 80,59837.766
8/16/2019,Health Care,Ticker 145,-1597.9
8/16/2019,Health Care,Ticker 82,-5505.8858
8/16/2019,Health Care,Ticker 146,2658.24
8/16/2019,Health Care,Ticker 83,0
8/16/2019,Health Care,Ticker 159,-5390.11
8/16/2019,Health Care,Ticker 153,70517.7
8/16/2019,Health Care,Ticker 134,12420.55
8/16/2019,Health Care,Ticker 88,-35641.62
8/16/2019,Health Care,Ticker 147,34940.2
8/16/2019,Health Care,Ticker 89,0
8/16/2019,Health Care,Ticker 90,23892.5
8/16/2019,Health Care,Ticker 91,907.13973
8/16/2019,Health Care,Ticker 93,-14572.62
8/16/2019,Health Care,Ticker 94,0
8/16/2019,Industrials,Ticker 97,16031.01696
8/16/2019,Information Technology,Ticker 164,0
8/16/2019,Information Technology,Ticker 135,1069.7281
8/16/2019,Information Technology,Ticker 100,14677.82
8/16/2019,Information Technology,Ticker 156,2769.7
8/16/2019,Information Technology,Ticker 160,49427.6
8/16/2019,Information Technology,Ticker 102,-2787.84
8/16/2019,Information Technology,Ticker 104,13765.57
8/16/2019,Information Technology,Ticker 161,-213.05
8/16/2019,Other,Ticker 110,-25873.9982
8/16/2019,Other,Ticker 111,-94345.235
8/16/2019,Other,Ticker 165,-5725.84
8/16/2019,Other,Ticker 114,-367816.16
8/16/2019,other,Ticker 115,-21474.40912
8/16/2019,Other,Ticker 116,-401336.1864
8/16/2019,Other,Ticker 117,-18664.28
8/16/2019,Real Estate,Ticker 124,0
8/16/2019,Real Estate,Ticker 149,3067.84
8/16/2019,Real Estate,Ticker 157,20964.53
8/16/2019,Utilities,Ticker 129,-8105.93
8/19/2019,Communication Services,Ticker 166,1789.62
8/19/2019,Communication Services,Ticker 167,39190.30765
8/19/2019,Consumer Discretionary,Ticker 6,-13959.92803
8/19/2019,Consumer Discretionary,Ticker 136,-1687.18
8/19/2019,Consumer Discretionary,Ticker 8,81742.5
8/19/2019,Consumer Discretionary,Ticker 9,45120
8/19/2019,Consumer Discretionary,Ticker 150,7286.12
8/19/2019,Energy,Ticker 14,86920.8
8/19/2019,Energy,Ticker 138,13194.8
8/19/2019,Energy,Ticker 15,0
8/19/2019,Financials,Ticker 17,0
8/19/2019,Financials,Ticker 18,-2833.879825
8/19/2019,Financials,Ticker 20,22480.08
8/19/2019,Financials,Ticker 21,1083.88
8/19/2019,Financials,Ticker 22,38537.64
8/19/2019,Financials,Ticker 23,0
8/19/2019,Financials,Ticker 24,2438.66
8/19/2019,Financials,Ticker 25,0
8/19/2019,Financials,Ticker 26,-1056
8/19/2019,Financials,Ticker 27,1908.51
8/19/2019,Financials,Ticker 28,0
8/19/2019,Financials,Ticker 29,0
8/19/2019,Financials,Ticker 30,0
8/19/2019,Financials,Ticker 31,-5096.05
8/19/2019,Financials,Ticker 168,0
8/19/2019,Financials,Ticker 32,-866.13
8/19/2019,Financials,Ticker 33,0
8/19/2019,Financials,Ticker 34,13656.87
8/19/2019,Financials,Ticker 35,-15463.7419
8/19/2019,Financials,Ticker 36,0
8/19/2019,Financials,Ticker 38,0
8/19/2019,Financials,Ticker 39,0
8/19/2019,Financials,Ticker 158,-639.15
8/19/2019,Financials,Ticker 140,1129.43
8/19/2019,Financials,Ticker 42,1132.182
8/19/2019,Financials,Ticker 44,0
8/19/2019,Financials,Ticker 45,1267.2
8/19/2019,Financials,Ticker 47,1060.29
8/19/2019,Financials,Ticker 151,11760.59
8/19/2019,Financials,Ticker 48,15966.72
8/19/2019,Financials,Ticker 49,0
8/19/2019,Financials,Ticker 50,4453.19
8/19/2019,Financials,Ticker 51,0
8/19/2019,Financials,Ticker 52,270.3328
8/19/2019,Financials,Ticker 53,-30.38
8/19/2019,Financials,Ticker 54,0
8/19/2019,Financials,Ticker 55,-4197.48
8/19/2019,Financials,Ticker 56,0
8/19/2019,Financials,Ticker 141,0
8/19/2019,Financials,Ticker 57,0
8/19/2019,Financials,Ticker 58,28410.24156
8/19/2019,Financials,Ticker 152,426.1
8/19/2019,Financials,Ticker 59,0
8/19/2019,Health Care,Ticker 133,12940.7852
8/19/2019,Health Care,Ticker 61,8025.6
8/19/2019,Health Care,Ticker 66,0
8/19/2019,Health Care,Ticker 69,0
8/19/2019,Health Care,Ticker 70,2340
8/19/2019,Health Care,Ticker 71,0
8/19/2019,Health Care,Ticker 72,11555.789
8/19/2019,Health Care,Ticker 73,-4079.8761
8/19/2019,Health Care,Ticker 163,-22817.55
8/19/2019,Health Care,Ticker 142,14487.4
8/19/2019,Health Care,Ticker 143,0
8/19/2019,Health Care,Ticker 74,562.0257
8/19/2019,Health Care,Ticker 75,2214.8608
8/19/2019,Health Care,Ticker 78,23693.0237
8/19/2019,Health Care,Ticker 80,3972.1264
8/19/2019,Health Care,Ticker 145,4474.12
8/19/2019,Health Care,Ticker 82,1313.9425
8/19/2019,Health Care,Ticker 146,639
8/19/2019,Health Care,Ticker 83,0
8/19/2019,Health Care,Ticker 159,-19407.6183
8/19/2019,Health Care,Ticker 153,-29036.7
8/19/2019,Health Care,Ticker 134,4921.35
8/19/2019,Health Care,Ticker 88,-5940.27
8/19/2019,Health Care,Ticker 147,-6817.6
8/19/2019,Health Care,Ticker 89,0
8/19/2019,Health Care,Ticker 90,1257.5
8/19/2019,Health Care,Ticker 91,-393.105464
8/19/2019,Health Care,Ticker 93,1173.067
8/19/2019,Health Care,Ticker 94,0
8/19/2019,Industrials,Ticker 97,-24587.50464
8/19/2019,Information Technology,Ticker 164,852.16
8/19/2019,Information Technology,Ticker 100,21878.26
8/19/2019,Information Technology,Ticker 156,12186.68
8/19/2019,Information Technology,Ticker 160,25566
8/19/2019,Information Technology,Ticker 102,-9192.1704
8/19/2019,Information Technology,Ticker 104,-9530.01
8/19/2019,Information Technology,Ticker 161,-1832.23
8/19/2019,Other,Ticker 110,49763.7
8/19/2019,Other,Ticker 111,-52016.58
8/19/2019,Other,Ticker 165,-5662.271196
8/19/2019,Other,Ticker 114,-278505.603
8/19/2019,other,Ticker 115,-19558.36476
8/19/2019,Other,Ticker 116,-152971.2149
8/19/2019,Other,Ticker 117,-31849.6254
8/19/2019,Real Estate,Ticker 124,23416.48
8/19/2019,Real Estate,Ticker 149,958.7
8/19/2019,Real Estate,Ticker 157,39372.41
8/20/2019,Communication Services,Ticker 166,3579.24
8/20/2019,Communication Services,Ticker 167,1370.592648
8/20/2019,Consumer Discretionary,Ticker 6,36587.35732
8/20/2019,Consumer Discretionary,Ticker 136,2530.77
8/20/2019,Consumer Discretionary,Ticker 8,-62280
8/20/2019,Consumer Discretionary,Ticker 9,-37600
8/20/2019,Consumer Discretionary,Ticker 150,10737.44
8/20/2019,Energy,Ticker 14,-21730.2
8/20/2019,Energy,Ticker 138,9236.36
8/20/2019,Energy,Ticker 15,0
8/20/2019,Financials,Ticker 169,5618.128644
8/20/2019,Financials,Ticker 17,0
8/20/2019,Financials,Ticker 18,19124.89966
8/20/2019,Financials,Ticker 20,0
8/20/2019,Financials,Ticker 21,6503.28
8/20/2019,Financials,Ticker 22,2140.98
8/20/2019,Financials,Ticker 23,0
8/20/2019,Financials,Ticker 24,0
8/20/2019,Financials,Ticker 25,1746.14
8/20/2019,Financials,Ticker 26,-633.6
8/20/2019,Financials,Ticker 27,-636.17
8/20/2019,Financials,Ticker 28,0
8/20/2019,Financials,Ticker 29,0
8/20/2019,Financials,Ticker 30,0
8/20/2019,Financials,Ticker 32,2468.4705
8/20/2019,Financials,Ticker 33,0
8/20/2019,Financials,Ticker 34,-1517.43
8/20/2019,Financials,Ticker 35,-35.7681
8/20/2019,Financials,Ticker 36,0
8/20/2019,Financials,Ticker 38,0
8/20/2019,Financials,Ticker 39,0
8/20/2019,Financials,Ticker 158,-2556.6
8/20/2019,Financials,Ticker 140,-3494.84
8/20/2019,Financials,Ticker 42,-1257.98
8/20/2019,Financials,Ticker 44,-424.12
8/20/2019,Financials,Ticker 45,-253.44
8/20/2019,Financials,Ticker 47,-1060.29
8/20/2019,Financials,Ticker 151,6647.29
8/20/2019,Financials,Ticker 48,26801.28
8/20/2019,Financials,Ticker 49,0
8/20/2019,Financials,Ticker 50,3180.85
8/20/2019,Financials,Ticker 51,-1105.1946
8/20/2019,Financials,Ticker 52,-1115.1228
8/20/2019,Financials,Ticker 53,-18675.36
8/20/2019,Financials,Ticker 54,0
8/20/2019,Financials,Ticker 55,-1574.055
8/20/2019,Financials,Ticker 56,0
8/20/2019,Financials,Ticker 141,-319.575
8/20/2019,Financials,Ticker 57,893.1
8/20/2019,Financials,Ticker 58,3884.912792
8/20/2019,Financials,Ticker 152,0
8/20/2019,Financials,Ticker 59,0
8/20/2019,Health Care,Ticker 133,-25031.173
8/20/2019,Health Care,Ticker 61,-2956.8
8/20/2019,Health Care,Ticker 66,0
8/20/2019,Health Care,Ticker 69,0
8/20/2019,Health Care,Ticker 70,-3060
8/20/2019,Health Care,Ticker 71,0
8/20/2019,Health Care,Ticker 72,3304.4885
8/20/2019,Health Care,Ticker 73,-3520.6
8/20/2019,Health Care,Ticker 163,22817.55
8/20/2019,Health Care,Ticker 142,1704.4
8/20/2019,Health Care,Ticker 143,0
8/20/2019,Health Care,Ticker 78,-7928.1
8/20/2019,Health Care,Ticker 80,-13608.2576
8/20/2019,Health Care,Ticker 145,1917.48
8/20/2019,Health Care,Ticker 82,-135.8976
8/20/2019,Health Care,Ticker 146,-2556
8/20/2019,Health Care,Ticker 83,0
8/20/2019,Health Care,Ticker 159,-36263.66
8/20/2019,Health Care,Ticker 153,12228.4268
8/20/2019,Health Care,Ticker 134,-468.7
8/20/2019,Health Care,Ticker 88,-29701.35
8/20/2019,Health Care,Ticker 147,-3408.8
8/20/2019,Health Care,Ticker 89,0
8/20/2019,Health Care,Ticker 90,69162.5
8/20/2019,Health Care,Ticker 91,-170.750264
8/20/2019,Health Care,Ticker 93,-17385.12
8/20/2019,Health Care,Ticker 94,0
8/20/2019,Industrials,Ticker 97,2481.74208
8/20/2019,Information Technology,Ticker 164,1810.84
8/20/2019,Information Technology,Ticker 100,7061.97
8/20/2019,Information Technology,Ticker 156,0
8/20/2019,Information Technology,Ticker 160,-20452.8
8/20/2019,Information Technology,Ticker 102,-825.0964
8/20/2019,Information Technology,Ticker 104,10588.9
8/20/2019,Information Technology,Ticker 161,-1747.01
8/20/2019,Other,Ticker 110,-7741.02
8/20/2019,Other,Ticker 111,-4490.64
8/20/2019,Other,Ticker 165,5856.24
8/20/2019,Other,Ticker 114,172211.2
8/20/2019,other,Ticker 115,8365.0076
8/20/2019,Other,Ticker 116,128417.8672
8/20/2019,Other,Ticker 117,11924.64
8/20/2019,Real Estate,Ticker 124,-11019.52
8/20/2019,Real Estate,Ticker 149,-191.74
8/20/2019,Real Estate,Ticker 157,-13805.91
8/21/2019,Communication Services,Ticker 166,3834.9
8/21/2019,Communication Services,Ticker 167,33484.96058
8/21/2019,Consumer Discretionary,Ticker 6,37434.46628
8/21/2019,Consumer Discretionary,Ticker 136,3451.05
8/21/2019,Consumer Discretionary,Ticker 8,96433.24
8/21/2019,Consumer Discretionary,Ticker 9,52640
8/21/2019,Consumer Discretionary,Ticker 150,-4410.02
8/21/2019,Energy,Ticker 14,-17384.16
8/21/2019,Energy,Ticker 138,13194.8
8/21/2019,Energy,Ticker 15,0
8/21/2019,Financials,Ticker 169,10370.56572
8/21/2019,Financials,Ticker 17,2096.65
8/21/2019,Financials,Ticker 18,24436.37988
8/21/2019,Financials,Ticker 20,-1070.48
8/21/2019,Financials,Ticker 21,8671.04
8/21/2019,Financials,Ticker 22,0
8/21/2019,Financials,Ticker 23,0
8/21/2019,Financials,Ticker 24,0
8/21/2019,Financials,Ticker 25,-873.07
8/21/2019,Financials,Ticker 26,-211.2
8/21/2019,Financials,Ticker 27,-922.4465
8/21/2019,Financials,Ticker 28,0
8/21/2019,Financials,Ticker 29,0
8/21/2019,Financials,Ticker 30,-838.65
8/21/2019,Financials,Ticker 32,0
8/21/2019,Financials,Ticker 33,0
8/21/2019,Financials,Ticker 34,1517.43
8/21/2019,Financials,Ticker 35,-3696.037
8/21/2019,Financials,Ticker 36,0
8/21/2019,Financials,Ticker 38,0
8/21/2019,Financials,Ticker 39,0
8/21/2019,Financials,Ticker 158,-9587.25
8/21/2019,Financials,Ticker 140,-532.75
8/21/2019,Financials,Ticker 42,0
8/21/2019,Financials,Ticker 44,424.12
8/21/2019,Financials,Ticker 45,-2027.52
8/21/2019,Financials,Ticker 47,0
8/21/2019,Financials,Ticker 151,355.974
8/21/2019,Financials,Ticker 48,655.5804
8/21/2019,Financials,Ticker 49,0
8/21/2019,Financials,Ticker 50,0
8/21/2019,Financials,Ticker 51,1687.32
8/21/2019,Financials,Ticker 52,0
8/21/2019,Financials,Ticker 53,-128607.445
8/21/2019,Financials,Ticker 54,0
8/21/2019,Financials,Ticker 55,1574.055
8/21/2019,Financials,Ticker 56,-1010.36
8/21/2019,Financials,Ticker 141,-319.575
8/21/2019,Financials,Ticker 57,0
8/21/2019,Financials,Ticker 58,-6174.599791
8/21/2019,Financials,Ticker 152,0
8/21/2019,Financials,Ticker 59,0
8/21/2019,Health Care,Ticker 133,39373.7808
8/21/2019,Health Care,Ticker 61,-5913.6
8/21/2019,Health Care,Ticker 66,0
8/21/2019,Health Care,Ticker 69,0
8/21/2019,Health Care,Ticker 70,1440
8/21/2019,Health Care,Ticker 71,0
8/21/2019,Health Care,Ticker 73,3235.288
8/21/2019,Health Care,Ticker 163,-59977.56
8/21/2019,Health Care,Ticker 142,5965.4
8/21/2019,Health Care,Ticker 143,0
8/21/2019,Health Care,Ticker 78,2681.162
8/21/2019,Health Care,Ticker 80,-701.4775
8/21/2019,Health Care,Ticker 145,20319.3887
8/21/2019,Health Care,Ticker 146,-826.44
8/21/2019,Health Care,Ticker 83,0
8/21/2019,Health Care,Ticker 159,1.1802
8/21/2019,Health Care,Ticker 153,-4911.04
8/21/2019,Health Care,Ticker 134,35386.85
8/21/2019,Health Care,Ticker 88,660.03
8/21/2019,Health Care,Ticker 147,-55393
8/21/2019,Health Care,Ticker 89,0
8/21/2019,Health Care,Ticker 90,3772.5
8/21/2019,Health Care,Ticker 91,547.642328
8/21/2019,Health Care,Ticker 93,-14849.79
8/21/2019,Health Care,Ticker 94,0
8/21/2019,Industrials,Ticker 97,20036.51712
8/21/2019,Information Technology,Ticker 164,213.04
8/21/2019,Information Technology,Ticker 100,7754.32
8/21/2019,Information Technology,Ticker 156,2492.73
8/21/2019,Information Technology,Ticker 160,6817.6
8/21/2019,Information Technology,Ticker 104,-2117.78
8/21/2019,Information Technology,Ticker 161,2471.38
8/21/2019,Other,Ticker 110,-59716.44
8/21/2019,Other,Ticker 111,-19780.6058
8/21/2019,Other,Ticker 112,1688.4
8/21/2019,Other,Ticker 165,-5041.08
8/21/2019,Other,Ticker 114,-181086.4045
8/21/2019,other,Ticker 115,-16286.76354
8/21/2019,Other,Ticker 116,-103564.0768
8/21/2019,Other,Ticker 117,-9004.32
8/21/2019,Real Estate,Ticker 124,12646.8282
8/21/2019,Real Estate,Ticker 149,-1054.57
8/21/2019,Real Estate,Ticker 157,10567.1149
8/22/2019,Communication Services,Ticker 166,5496.69
8/22/2019,Communication Services,Ticker 167,7757.4141
8/22/2019,Consumer Discretionary,Ticker 6,-36130.7294
8/22/2019,Consumer Discretionary,Ticker 136,3527.74
8/22/2019,Consumer Discretionary,Ticker 8,34600
8/22/2019,Consumer Discretionary,Ticker 9,3760
8/22/2019,Consumer Discretionary,Ticker 150,4026.54
8/22/2019,Energy,Ticker 14,-108651
8/22/2019,Energy,Ticker 138,-18472.72
8/22/2019,Energy,Ticker 15,0
8/22/2019,Financials,Ticker 169,-10152.03103
8/22/2019,Financials,Ticker 17,0
8/22/2019,Financials,Ticker 18,-927.9620772
8/22/2019,Financials,Ticker 20,0
8/22/2019,Financials,Ticker 21,-6503.28
8/22/2019,Financials,Ticker 22,0
8/22/2019,Financials,Ticker 23,4281.929997
8/22/2019,Financials,Ticker 24,-2438.66
8/22/2019,Financials,Ticker 25,-3492.28
8/22/2019,Financials,Ticker 26,-422.4
8/22/2019,Financials,Ticker 27,-349.8935
8/22/2019,Financials,Ticker 28,0
8/22/2019,Financials,Ticker 29,0
8/22/2019,Financials,Ticker 30,721.239
8/22/2019,Financials,Ticker 32,-2468.4705
8/22/2019,Financials,Ticker 33,0.1
8/22/2019,Financials,Ticker 34,0
8/22/2019,Financials,Ticker 35,-4316.0174
8/22/2019,Financials,Ticker 36,-442.14
8/22/2019,Financials,Ticker 38,0
8/22/2019,Financials,Ticker 39,0
8/22/2019,Financials,Ticker 158,5752.35
8/22/2019,Financials,Ticker 140,2280.17
8/22/2019,Financials,Ticker 42,2515.96
8/22/2019,Financials,Ticker 44,-1272.36
8/22/2019,Financials,Ticker 45,-1013.76
8/22/2019,Financials,Ticker 47,1060.29
8/22/2019,Financials,Ticker 151,0
8/22/2019,Financials,Ticker 48,-15522.8044
8/22/2019,Financials,Ticker 49,3316.08
8/22/2019,Financials,Ticker 50,0
8/22/2019,Financials,Ticker 51,3374.64
8/22/2019,Financials,Ticker 52,844.79
8/22/2019,Financials,Ticker 53,129610.0591
8/22/2019,Financials,Ticker 54,2535.18
8/22/2019,Financials,Ticker 55,5246.85
8/22/2019,Financials,Ticker 56,0
8/22/2019,Financials,Ticker 141,1917.45
8/22/2019,Financials,Ticker 57,-446.55
8/22/2019,Financials,Ticker 58,-2096.763919
8/22/2019,Financials,Ticker 152,0
8/22/2019,Financials,Ticker 59,0
8/22/2019,Health Care,Ticker 133,-32743.09
8/22/2019,Health Care,Ticker 61,-3801.6
8/22/2019,Health Care,Ticker 66,0
8/22/2019,Health Care,Ticker 69,0
8/22/2019,Health Care,Ticker 70,540
8/22/2019,Health Care,Ticker 71,0
8/22/2019,Health Care,Ticker 163,60164.6248
8/22/2019,Health Care,Ticker 142,-2556.6
8/22/2019,Health Care,Ticker 143,0
8/22/2019,Health Care,Ticker 145,3390.1011
8/22/2019,Health Care,Ticker 146,-1371.72
8/22/2019,Health Care,Ticker 83,0
8/22/2019,Health Care,Ticker 159,-2370.33
8/22/2019,Health Care,Ticker 153,-23941.32
8/22/2019,Health Care,Ticker 134,-11717.5
8/22/2019,Health Care,Ticker 88,-25741.17
8/22/2019,Health Care,Ticker 147,-32082.0995
8/22/2019,Health Care,Ticker 89,0
8/22/2019,Health Care,Ticker 90,-38982.5
8/22/2019,Health Care,Ticker 91,-98.403757
8/22/2019,Health Care,Ticker 93,-9416.94
8/22/2019,Health Care,Ticker 94,0
8/22/2019,Industrials,Ticker 97,-22872.90112
8/22/2019,Information Technology,Ticker 164,5006.44
8/22/2019,Information Technology,Ticker 170,3664.46
8/22/2019,Information Technology,Ticker 100,-11908.42
8/22/2019,Information Technology,Ticker 156,10247.89
8/22/2019,Information Technology,Ticker 160,-31531.4
8/22/2019,Information Technology,Ticker 104,9530.01
8/22/2019,Information Technology,Ticker 161,809.59
8/22/2019,Other,Ticker 110,53215.4056
8/22/2019,Other,Ticker 111,-7659.23
8/22/2019,Other,Ticker 112,-1221.629696
8/22/2019,Other,Ticker 165,2104.76
8/22/2019,Other,Ticker 114,6633.81
8/22/2019,other,Ticker 115,8206.53996
8/22/2019,Other,Ticker 116,182406.1408
8/22/2019,Other,Ticker 117,6327.36
8/22/2019,Real Estate,Ticker 171,1308.458553
8/22/2019,Real Estate,Ticker 124,30669.172
8/22/2019,Real Estate,Ticker 149,-1150.44
8/22/2019,Real Estate,Ticker 157,22967.28
8/23/2019,Communication Services,Ticker 166,-3195.75
8/23/2019,Communication Services,Ticker 167,-5400.873342
8/23/2019,Consumer Discretionary,Ticker 136,-13880.89
8/23/2019,Consumer Discretionary,Ticker 8,-3460
8/23/2019,Consumer Discretionary,Ticker 9,0
8/23/2019,Consumer Discretionary,Ticker 150,-766.96
8/23/2019,Energy,Ticker 14,-99958.92
8/23/2019,Energy,Ticker 138,-50140.24
8/23/2019,Energy,Ticker 15,0
8/23/2019,Financials,Ticker 169,11443.95969
8/23/2019,Financials,Ticker 17,0
8/23/2019,Financials,Ticker 18,34553.81508
8/23/2019,Financials,Ticker 20,0
8/23/2019,Financials,Ticker 21,-2167.76
8/23/2019,Financials,Ticker 22,-2140.98
8/23/2019,Financials,Ticker 23,7136.549995
8/23/2019,Financials,Ticker 24,0
8/23/2019,Financials,Ticker 25,5238.42
8/23/2019,Financials,Ticker 26,-3590.4
8/23/2019,Financials,Ticker 27,636.17
8/23/2019,Financials,Ticker 28,0
8/23/2019,Financials,Ticker 29,0
8/23/2019,Financials,Ticker 30,1794.711
8/23/2019,Financials,Ticker 32,0
8/23/2019,Financials,Ticker 33,0
8/23/2019,Financials,Ticker 34,0
8/23/2019,Financials,Ticker 35,-333.8356
8/23/2019,Financials,Ticker 36,0
8/23/2019,Financials,Ticker 38,-5168.206
8/23/2019,Financials,Ticker 39,0
8/23/2019,Financials,Ticker 158,-21731.1
8/23/2019,Financials,Ticker 140,-5242.26
8/23/2019,Financials,Ticker 42,-3773.94
8/23/2019,Financials,Ticker 44,0
8/23/2019,Financials,Ticker 45,-2165.4276
8/23/2019,Financials,Ticker 47,0
8/23/2019,Financials,Ticker 151,-5155.92
8/23/2019,Financials,Ticker 48,-4598.5404
8/23/2019,Financials,Ticker 49,-3316.08
8/23/2019,Financials,Ticker 50,0
8/23/2019,Financials,Ticker 51,-421.83
8/23/2019,Financials,Ticker 52,0
8/23/2019,Financials,Ticker 53,-64054.988
8/23/2019,Financials,Ticker 54,-202.8144
8/23/2019,Financials,Ticker 55,-2130.2211
8/23/2019,Financials,Ticker 56,0
8/23/2019,Financials,Ticker 141,-639.15
8/23/2019,Financials,Ticker 57,-446.55
8/23/2019,Financials,Ticker 58,712.1004562
8/23/2019,Financials,Ticker 152,1704.4
8/23/2019,Financials,Ticker 59,0
8/23/2019,Health Care,Ticker 133,-12799.3793
8/23/2019,Health Care,Ticker 61,-3190.0624
8/23/2019,Health Care,Ticker 66,0
8/23/2019,Health Care,Ticker 69,0
8/23/2019,Health Care,Ticker 70,360
8/23/2019,Health Care,Ticker 71,0
8/23/2019,Health Care,Ticker 163,-57196.18
8/23/2019,Health Care,Ticker 142,-4984.0656
8/23/2019,Health Care,Ticker 143,0
8/23/2019,Health Care,Ticker 145,-5326
8/23/2019,Health Care,Ticker 146,-7650.96
8/23/2019,Health Care,Ticker 83,0
8/23/2019,Health Care,Ticker 159,-26600.37
8/23/2019,Health Care,Ticker 153,-47268.76
8/23/2019,Health Care,Ticker 134,-14061
8/23/2019,Health Care,Ticker 88,1320.06
8/23/2019,Health Care,Ticker 147,-16191.8
8/23/2019,Health Care,Ticker 89,0
8/23/2019,Health Care,Ticker 90,-8802.5
8/23/2019,Health Care,Ticker 91,-591.036335
8/23/2019,Health Care,Ticker 93,-1085.5645
8/23/2019,Health Care,Ticker 94,0
8/23/2019,Industrials,Ticker 97,-36123.5104
8/23/2019,Information Technology,Ticker 164,-6710.76
8/23/2019,Information Technology,Ticker 172,71799.03297
8/23/2019,Information Technology,Ticker 170,-3579.24
8/23/2019,Information Technology,Ticker 100,-3877.16
8/23/2019,Information Technology,Ticker 156,-1661.82
8/23/2019,Information Technology,Ticker 160,-75845.8
8/23/2019,Information Technology,Ticker 104,-31766.7
8/23/2019,Information Technology,Ticker 161,-5709.74
8/23/2019,Other,Ticker 110,23765
8/23/2019,Other,Ticker 111,99903
8/23/2019,Other,Ticker 112,-948.6
8/23/2019,Other,Ticker 165,10691.18
8/23/2019,Other,Ticker 114,553554.59
8/23/2019,other,Ticker 115,-3502.5592
8/23/2019,Other,Ticker 116,227117.1002
8/23/2019,Other,Ticker 117,47211.84
8/23/2019,Real Estate,Ticker 171,523.02
8/23/2019,Real Estate,Ticker 124,-20606.68
8/23/2019,Real Estate,Ticker 149,-8628.3
8/23/2019,Real Estate,Ticker 157,-31872.96
8/26/2019,Communication Services,Ticker 166,5113.2
8/26/2019,Communication Services,Ticker 167,7523.623782
8/26/2019,Consumer Discretionary,Ticker 136,2530.77
8/26/2019,Consumer Discretionary,Ticker 8,-183380
8/26/2019,Consumer Discretionary,Ticker 9,-20680
8/26/2019,Consumer Discretionary,Ticker 150,30103.18
8/26/2019,Energy,Ticker 14,121689.12
8/26/2019,Energy,Ticker 138,-13854.54
8/26/2019,Energy,Ticker 15,0
8/26/2019,Financials,Ticker 169,-9855.33318
8/26/2019,Financials,Ticker 17,0
8/26/2019,Financials,Ticker 18,18320.6773
8/26/2019,Financials,Ticker 20,-6422.88
8/26/2019,Financials,Ticker 21,4313.8424
8/26/2019,Financials,Ticker 22,-2140.98
8/26/2019,Financials,Ticker 23,0
8/26/2019,Financials,Ticker 24,-19509.28
8/26/2019,Financials,Ticker 25,0
8/26/2019,Financials,Ticker 26,-2166.048
8/26/2019,Financials,Ticker 27,0
8/26/2019,Financials,Ticker 28,0
8/26/2019,Financials,Ticker 29,0
8/26/2019,Financials,Ticker 30,0
8/26/2019,Financials,Ticker 32,866.13
8/26/2019,Financials,Ticker 33,0
8/26/2019,Financials,Ticker 34,3034.86
8/26/2019,Financials,Ticker 35,-19076.32
8/26/2019,Financials,Ticker 36,0
8/26/2019,Financials,Ticker 38,0
8/26/2019,Financials,Ticker 39,-3777.72
8/26/2019,Financials,Ticker 158,15978.75
8/26/2019,Financials,Ticker 140,3452.22
8/26/2019,Financials,Ticker 42,0
8/26/2019,Financials,Ticker 44,0
8/26/2019,Financials,Ticker 45,1351.68
8/26/2019,Financials,Ticker 47,0
8/26/2019,Financials,Ticker 151,5624.64
8/26/2019,Financials,Ticker 49,0
8/26/2019,Financials,Ticker 50,0
8/26/2019,Financials,Ticker 51,0
8/26/2019,Financials,Ticker 52,844.79
8/26/2019,Financials,Ticker 53,-7.9756
8/26/2019,Financials,Ticker 54,0
8/26/2019,Financials,Ticker 55,0
8/26/2019,Financials,Ticker 56,0
8/26/2019,Financials,Ticker 141,-639.15
8/26/2019,Financials,Ticker 57,0
8/26/2019,Financials,Ticker 58,-823.14
8/26/2019,Financials,Ticker 152,-852.2
8/26/2019,Financials,Ticker 59,1584.51
8/26/2019,Health Care,Ticker 133,12132.9
8/26/2019,Health Care,Ticker 61,-15966.72
8/26/2019,Health Care,Ticker 66,0
8/26/2019,Health Care,Ticker 69,0
8/26/2019,Health Care,Ticker 70,-436.5283
8/26/2019,Health Care,Ticker 71,0
8/26/2019,Health Care,Ticker 163,74233.34
8/26/2019,Health Care,Ticker 142,-766.98
8/26/2019,Health Care,Ticker 143,0
8/26/2019,Health Care,Ticker 145,-5965.12
8/26/2019,Health Care,Ticker 146,5955.48
8/26/2019,Health Care,Ticker 83,0
8/26/2019,Health Care,Ticker 159,7637.73
8/26/2019,Health Care,Ticker 153,69061.5
8/26/2019,Health Care,Ticker 134,21794.55
8/26/2019,Health Care,Ticker 88,-7549.1992
8/26/2019,Health Care,Ticker 147,11504.7
8/26/2019,Health Care,Ticker 89,0
8/26/2019,Health Care,Ticker 90,51557.5
8/26/2019,Health Care,Ticker 91,286.595007
8/26/2019,Health Care,Ticker 93,16618.16
8/26/2019,Health Care,Ticker 94,0
8/26/2019,Industrials,Ticker 97,-23321.59516
8/26/2019,Information Technology,Ticker 164,-1597.8
8/26/2019,Information Technology,Ticker 172,-34115.648
8/26/2019,Information Technology,Ticker 170,1917.45
8/26/2019,Information Technology,Ticker 100,-383.224
8/26/2019,Information Technology,Ticker 156,13848.5
8/26/2019,Information Technology,Ticker 160,23009.4
8/26/2019,Information Technology,Ticker 104,-7744.5
8/26/2019,Information Technology,Ticker 161,3408.8
8/26/2019,Other,Ticker 110,9198.9415
8/26/2019,Other,Ticker 111,-23643.71
8/26/2019,Other,Ticker 112,5936.49
8/26/2019,Other,Ticker 165,-4677.9
8/26/2019,Other,Ticker 114,-231601.435
8/26/2019,other,Ticker 115,-9014.824
8/26/2019,Other,Ticker 116,-77965.36
8/26/2019,Other,Ticker 117,-5840.64
8/26/2019,Real Estate,Ticker 171,-290.9385
8/26/2019,Real Estate,Ticker 124,6221.2694
8/26/2019,Real Estate,Ticker 149,7861.34
8/26/2019,Real Estate,Ticker 157,11249.28
8/27/2019,Communication Services,Ticker 166,10354.23
8/27/2019,Communication Services,Ticker 167,-18115.95064
8/27/2019,Consumer Discretionary,Ticker 136,-2686.8962
8/27/2019,Consumer Discretionary,Ticker 8,-76120
8/27/2019,Consumer Discretionary,Ticker 9,0
8/27/2019,Consumer Discretionary,Ticker 150,4601.76
8/27/2019,Energy,Ticker 14,-26076.24
8/27/2019,Energy,Ticker 138,-10555.84
8/27/2019,Energy,Ticker 15,0
8/27/2019,Financials,Ticker 173,2584.659983
8/27/2019,Financials,Ticker 169,764.664432
8/27/2019,Financials,Ticker 17,0
8/27/2019,Financials,Ticker 18,-21413.11549
8/27/2019,Financials,Ticker 20,0
8/27/2019,Financials,Ticker 21,-4313.8424
8/27/2019,Financials,Ticker 22,0
8/27/2019,Financials,Ticker 23,0
8/27/2019,Financials,Ticker 24,19509.28
8/27/2019,Financials,Ticker 25,-3492.28
8/27/2019,Financials,Ticker 27,0
8/27/2019,Financials,Ticker 28,0
8/27/2019,Financials,Ticker 29,0
8/27/2019,Financials,Ticker 30,-1677.3
8/27/2019,Financials,Ticker 32,0
8/27/2019,Financials,Ticker 33,0
8/27/2019,Financials,Ticker 34,-6069.72
8/27/2019,Financials,Ticker 35,2384.54
8/27/2019,Financials,Ticker 36,0
8/27/2019,Financials,Ticker 38,12278.9446
8/27/2019,Financials,Ticker 39,0
8/27/2019,Financials,Ticker 158,-19174.5
8/27/2019,Financials,Ticker 140,1896.59
8/27/2019,Financials,Ticker 42,4780.324
8/27/2019,Financials,Ticker 44,1272.36
8/27/2019,Financials,Ticker 45,-337.92
8/27/2019,Financials,Ticker 47,-1060.29
8/27/2019,Financials,Ticker 151,-13592.88
8/27/2019,Financials,Ticker 49,2210.72
8/27/2019,Financials,Ticker 50,1908.51
8/27/2019,Financials,Ticker 51,843.66
8/27/2019,Financials,Ticker 52,0
8/27/2019,Financials,Ticker 53,-4026.2677
8/27/2019,Financials,Ticker 54,625.3444
8/27/2019,Financials,Ticker 55,3179.5911
8/27/2019,Financials,Ticker 56,5051.8
8/27/2019,Financials,Ticker 141,639.15
8/27/2019,Financials,Ticker 57,0
8/27/2019,Financials,Ticker 58,-27.66704149
8/27/2019,Financials,Ticker 152,852.2
8/27/2019,Financials,Ticker 59,-1584.51
8/27/2019,Health Care,Ticker 133,3568.5
8/27/2019,Health Care,Ticker 61,-4942.08
8/27/2019,Health Care,Ticker 66,0
8/27/2019,Health Care,Ticker 69,0
8/27/2019,Health Care,Ticker 70,-536.798
8/27/2019,Health Care,Ticker 71,0
8/27/2019,Health Care,Ticker 163,35546.9788
8/27/2019,Health Care,Ticker 142,-5752.35
8/27/2019,Health Care,Ticker 143,0
8/27/2019,Health Care,Ticker 145,-11880.4219
8/27/2019,Health Care,Ticker 146,25.56
8/27/2019,Health Care,Ticker 83,0
8/27/2019,Health Care,Ticker 159,1614.32
8/27/2019,Health Care,Ticker 153,-2762.46
8/27/2019,Health Care,Ticker 134,20857.15
8/27/2019,Health Care,Ticker 88,-30867.6
8/27/2019,Health Care,Ticker 147,-12783
8/27/2019,Health Care,Ticker 89,0
8/27/2019,Health Care,Ticker 90,-2515
8/27/2019,Health Care,Ticker 91,-636.850771
8/27/2019,Health Care,Ticker 93,9906.98
8/27/2019,Health Care,Ticker 94,0
8/27/2019,Industrials,Ticker 97,2175.11916
8/27/2019,Information Technology,Ticker 164,-852.16
8/27/2019,Information Technology,Ticker 172,45414.81536
8/27/2019,Information Technology,Ticker 170,-3834.9
8/27/2019,Information Technology,Ticker 100,218.7973
8/27/2019,Information Technology,Ticker 156,-830.91
8/27/2019,Information Technology,Ticker 160,5965.4
8/27/2019,Information Technology,Ticker 104,-5421.15
8/27/2019,Information Technology,Ticker 161,-298.27
8/27/2019,Other,Ticker 111,25641.77
8/27/2019,Other,Ticker 112,-2269.44
8/27/2019,Other,Ticker 165,-2408.96
8/27/2019,Other,Ticker 114,80679.06
8/27/2019,other,Ticker 115,-18373.29096
8/27/2019,Other,Ticker 116,130627.2868
8/27/2019,Other,Ticker 117,8517.6
8/27/2019,Real Estate,Ticker 171,-187.4799
8/27/2019,Real Estate,Ticker 124,-16455.92
8/27/2019,Real Estate,Ticker 149,1054.57
8/27/2019,Real Estate,Ticker 157,-6093.36
8/28/2019,Communication Services,Ticker 166,-2300.94
8/28/2019,Communication Services,Ticker 167,5487.024366
8/28/2019,Consumer Discretionary,Ticker 8,0
8/28/2019,Consumer Discretionary,Ticker 9,-92120
8/28/2019,Consumer Discretionary,Ticker 150,6519.16
8/28/2019,Consumer Staples,Ticker 174,1222.750249
8/28/2019,Energy,Ticker 14,43460.4
8/28/2019,Energy,Ticker 138,26389.6
8/28/2019,Energy,Ticker 15,0
8/28/2019,Financials,Ticker 173,-781.776
8/28/2019,Financials,Ticker 169,-294.923496
8/28/2019,Financials,Ticker 17,0
8/28/2019,Financials,Ticker 18,-2790.5202
8/28/2019,Financials,Ticker 20,-3211.44
8/28/2019,Financials,Ticker 21,0
8/28/2019,Financials,Ticker 22,0
8/28/2019,Financials,Ticker 23,0
8/28/2019,Financials,Ticker 24,-24.3866
8/28/2019,Financials,Ticker 25,0
8/28/2019,Financials,Ticker 27,0
8/28/2019,Financials,Ticker 28,0
8/28/2019,Financials,Ticker 29,0
8/28/2019,Financials,Ticker 30,1677.3
8/28/2019,Financials,Ticker 32,866.13
8/28/2019,Financials,Ticker 33,0
8/28/2019,Financials,Ticker 34,0
8/28/2019,Financials,Ticker 35,-9001.6385
8/28/2019,Financials,Ticker 36,0
8/28/2019,Financials,Ticker 38,0
8/28/2019,Financials,Ticker 39,-4155.492
8/28/2019,Financials,Ticker 158,-5113.2
8/28/2019,Financials,Ticker 140,4091.52
8/28/2019,Financials,Ticker 42,-2264.364
8/28/2019,Financials,Ticker 44,0
8/28/2019,Financials,Ticker 45,-2214.406
8/28/2019,Financials,Ticker 47,0
8/28/2019,Financials,Ticker 151,1406.16
8/28/2019,Financials,Ticker 49,0
8/28/2019,Financials,Ticker 50,-636.17
8/28/2019,Financials,Ticker 51,2109.15
8/28/2019,Financials,Ticker 52,-887.0295
8/28/2019,Financials,Ticker 53,-2326.386
8/28/2019,Financials,Ticker 54,-422.53
8/28/2019,Financials,Ticker 55,-3148.11
8/28/2019,Financials,Ticker 56,0
8/28/2019,Financials,Ticker 141,0
8/28/2019,Financials,Ticker 175,1116.35
8/28/2019,Financials,Ticker 57,893.1
8/28/2019,Financials,Ticker 58,-4969.993857
8/28/2019,Financials,Ticker 152,0
8/28/2019,Financials,Ticker 59,528.17
8/28/2019,Health Care,Ticker 133,-12132.9
8/28/2019,Health Care,Ticker 61,3665.7039
8/28/2019,Health Care,Ticker 66,0
8/28/2019,Health Care,Ticker 69,0
8/28/2019,Health Care,Ticker 71,0
8/28/2019,Health Care,Ticker 163,55888.5474
8/28/2019,Health Care,Ticker 142,-2300.94
8/28/2019,Health Care,Ticker 143,-5752.35
8/28/2019,Health Care,Ticker 145,1086.3764
8/28/2019,Health Care,Ticker 146,2215.2
8/28/2019,Health Care,Ticker 83,0
8/28/2019,Health Care,Ticker 159,11873.6484
8/28/2019,Health Care,Ticker 153,-4604.1
8/28/2019,Health Care,Ticker 134,-10077.05
8/28/2019,Health Care,Ticker 88,-16547.2027
8/28/2019,Health Care,Ticker 147,-1278.3
8/28/2019,Health Care,Ticker 89,0
8/28/2019,Health Care,Ticker 90,16347.5
8/28/2019,Health Care,Ticker 91,-280.364429
8/28/2019,Health Care,Ticker 93,-24927.24
8/28/2019,Health Care,Ticker 94,0
8/28/2019,Information Technology,Ticker 164,532.6
8/28/2019,Information Technology,Ticker 172,17417.32416
8/28/2019,Information Technology,Ticker 170,-4133.17
8/28/2019,Information Technology,Ticker 100,-2311.9633
8/28/2019,Information Technology,Ticker 156,2769.7
8/28/2019,Information Technology,Ticker 160,6215.7652
8/28/2019,Information Technology,Ticker 104,13165.65
8/28/2019,Information Technology,Ticker 161,-10098.57
8/28/2019,Other,Ticker 111,-38629.16
8/28/2019,Other,Ticker 112,-1130.64
8/28/2019,Other,Ticker 165,-3708.38196
8/28/2019,Other,Ticker 114,-143696.9316
8/28/2019,other,Ticker 115,-6203.68
8/28/2019,Other,Ticker 116,-115216.9428
8/28/2019,Other,Ticker 117,-19468.8
8/28/2019,Real Estate,Ticker 171,76.2404
8/28/2019,Real Estate,Ticker 124,13924.24
8/28/2019,Real Estate,Ticker 149,2588.49
8/28/2019,Real Estate,Ticker 157,6562.08
8/29/2019,Communication Services,Ticker 166,4985.37
8/29/2019,Communication Services,Ticker 167,-6457.05522
8/29/2019,Consumer Discretionary,Ticker 8,41520
8/29/2019,Consumer Discretionary,Ticker 9,22560
8/29/2019,Consumer Discretionary,Ticker 150,16994.082
8/29/2019,Consumer Staples,Ticker 174,5182.75583
8/29/2019,Energy,Ticker 14,60844.56
8/29/2019,Energy,Ticker 138,11215.58
8/29/2019,Energy,Ticker 15,0
8/29/2019,Financials,Ticker 173,-1495.674
8/29/2019,Financials,Ticker 169,-2581.686688
8/29/2019,Financials,Ticker 17,0
8/29/2019,Financials,Ticker 18,192.3071805
8/29/2019,Financials,Ticker 20,-1070.48
8/29/2019,Financials,Ticker 21,0
8/29/2019,Financials,Ticker 22,4281.96
8/29/2019,Financials,Ticker 23,-8563.859994
8/29/2019,Financials,Ticker 24,0
8/29/2019,Financials,Ticker 25,-1746.14
8/29/2019,Financials,Ticker 27,-1170.5528
8/29/2019,Financials,Ticker 28,0
8/29/2019,Financials,Ticker 29,0
8/29/2019,Financials,Ticker 30,-1677.3
8/29/2019,Financials,Ticker 32,0
8/29/2019,Financials,Ticker 33,0
8/29/2019,Financials,Ticker 34,-1517.43
8/29/2019,Financials,Ticker 35,3040.2885
8/29/2019,Financials,Ticker 36,0
8/29/2019,Financials,Ticker 38,0
8/29/2019,Financials,Ticker 39,4155.492
8/29/2019,Financials,Ticker 158,-7669.8
8/29/2019,Financials,Ticker 140,1534.32
8/29/2019,Financials,Ticker 42,0
8/29/2019,Financials,Ticker 44,-424.12
8/29/2019,Financials,Ticker 45,-2554.8104
8/29/2019,Financials,Ticker 47,1060.29
8/29/2019,Financials,Ticker 151,-8019.9839
8/29/2019,Financials,Ticker 49,0
8/29/2019,Financials,Ticker 50,-1272.34
8/29/2019,Financials,Ticker 51,-421.83
8/29/2019,Financials,Ticker 52,42.2395
8/29/2019,Financials,Ticker 53,3241.7724
8/29/2019,Financials,Ticker 54,0
8/29/2019,Financials,Ticker 55,0
8/29/2019,Financials,Ticker 56,0
8/29/2019,Financials,Ticker 141,0
8/29/2019,Financials,Ticker 175,0
8/29/2019,Financials,Ticker 57,-893.1
8/29/2019,Financials,Ticker 58,206.3827592
8/29/2019,Financials,Ticker 152,0
8/29/2019,Financials,Ticker 59,-528.17
8/29/2019,Health Care,Ticker 133,15130.44
8/29/2019,Health Care,Ticker 61,-3534.56
8/29/2019,Health Care,Ticker 66,0
8/29/2019,Health Care,Ticker 69,0
8/29/2019,Health Care,Ticker 71,0
8/29/2019,Health Care,Ticker 163,-70637.4
8/29/2019,Health Care,Ticker 142,4985.37
8/29/2019,Health Care,Ticker 143,0
8/29/2019,Health Care,Ticker 145,0
8/29/2019,Health Care,Ticker 146,2223.72
8/29/2019,Health Care,Ticker 83,0
8/29/2019,Health Care,Ticker 159,18072.42
8/29/2019,Health Care,Ticker 153,3733.0365
8/29/2019,Health Care,Ticker 134,29284.9124
8/29/2019,Health Care,Ticker 88,-9710.6458
8/29/2019,Health Care,Ticker 147,5113.2
8/29/2019,Health Care,Ticker 89,0
8/29/2019,Health Care,Ticker 90,47785
8/29/2019,Health Care,Ticker 91,537.3584
8/29/2019,Health Care,Ticker 93,-13907.3912
8/29/2019,Health Care,Ticker 94,0
8/29/2019,Information Technology,Ticker 164,3728.2
8/29/2019,Information Technology,Ticker 172,21671.6192
8/29/2019,Information Technology,Ticker 170,1022.64
8/29/2019,Information Technology,Ticker 100,-68.328
8/29/2019,Information Technology,Ticker 156,9416.98
8/29/2019,Information Technology,Ticker 160,40328.436
8/29/2019,Information Technology,Ticker 104,7744.5
8/29/2019,Information Technology,Ticker 161,2904.857
8/29/2019,Other,Ticker 111,-50284.51
8/29/2019,Other,Ticker 112,-3385.049364
8/29/2019,Other,Ticker 165,-11784.15
8/29/2019,Other,Ticker 114,-241216.9566
8/29/2019,Other,Ticker 176,2722.52
8/29/2019,other,Ticker 115,-55766.28324
8/29/2019,Other,Ticker 116,-101025.6408
8/29/2019,Other,Ticker 117,-20198.88
8/29/2019,Real Estate,Ticker 171,-421.636
8/29/2019,Real Estate,Ticker 177,1829.729435
8/29/2019,Real Estate,Ticker 178,2282.713164
8/29/2019,Real Estate,Ticker 124,8656.95
8/29/2019,Real Estate,Ticker 149,-1246.31
8/29/2019,Real Estate,Ticker 157,16405.2
8/30/2019,Communication Services,Ticker 166,127.83
8/30/2019,Communication Services,Ticker 167,-16373.86542
8/30/2019,Consumer Discretionary,Ticker 8,100340
8/30/2019,Consumer Discretionary,Ticker 9,54520
8/30/2019,Consumer Discretionary,Ticker 150,-479.34
8/30/2019,Consumer Staples,Ticker 174,-2758.584764
8/30/2019,Energy,Ticker 14,-43460.4
8/30/2019,Energy,Ticker 138,659.74
8/30/2019,Energy,Ticker 15,0
8/30/2019,Financials,Ticker 173,292.0455
8/30/2019,Financials,Ticker 169,7233.934876
8/30/2019,Financials,Ticker 17,0
8/30/2019,Financials,Ticker 18,-5320.919829
8/30/2019,Financials,Ticker 20,0
8/30/2019,Financials,Ticker 21,0
8/30/2019,Financials,Ticker 22,-4281.96
8/30/2019,Financials,Ticker 23,0
8/30/2019,Financials,Ticker 24,24.3866
8/30/2019,Financials,Ticker 25,0
8/30/2019,Financials,Ticker 27,3715.2328
8/30/2019,Financials,Ticker 28,0
8/30/2019,Financials,Ticker 29,0
8/30/2019,Financials,Ticker 30,0
8/30/2019,Financials,Ticker 32,-1489.7436
8/30/2019,Financials,Ticker 33,0
8/30/2019,Financials,Ticker 34,0
8/30/2019,Financials,Ticker 35,0
8/30/2019,Financials,Ticker 36,0
8/30/2019,Financials,Ticker 38,17.8214
8/30/2019,Financials,Ticker 39,0
8/30/2019,Financials,Ticker 158,-4474.05
8/30/2019,Financials,Ticker 140,-277.03
8/30/2019,Financials,Ticker 42,628.99
8/30/2019,Financials,Ticker 44,0
8/30/2019,Financials,Ticker 47,2120.58
8/30/2019,Financials,Ticker 151,-1278.35
8/30/2019,Financials,Ticker 49,0
8/30/2019,Financials,Ticker 50,2544.68
8/30/2019,Financials,Ticker 51,801.477
8/30/2019,Financials,Ticker 52,2534.37
8/30/2019,Financials,Ticker 53,619.736
8/30/2019,Financials,Ticker 54,0
8/30/2019,Financials,Ticker 55,-7345.59
8/30/2019,Financials,Ticker 56,0
8/30/2019,Financials,Ticker 141,-1278.3
8/30/2019,Financials,Ticker 175,0
8/30/2019,Financials,Ticker 57,446.55
8/30/2019,Financials,Ticker 58,-40.2208768
8/30/2019,Financials,Ticker 152,852.2
8/30/2019,Financials,Ticker 59,1584.51
8/30/2019,Health Care,Ticker 133,8564.4
8/30/2019,Health Care,Ticker 61,-970.4467
8/30/2019,Health Care,Ticker 66,0
8/30/2019,Health Care,Ticker 69,0
8/30/2019,Health Care,Ticker 71,0
8/30/2019,Health Care,Ticker 163,-63835.28
8/30/2019,Health Care,Ticker 142,-3067.92
8/30/2019,Health Care,Ticker 143,0
8/30/2019,Health Care,Ticker 146,1968.12
8/30/2019,Health Care,Ticker 83,0
8/30/2019,Health Care,Ticker 159,-7838.64
8/30/2019,Health Care,Ticker 153,-21157.5
8/30/2019,Health Care,Ticker 134,-14040.93
8/30/2019,Health Care,Ticker 147,-9587.25
8/30/2019,Health Care,Ticker 89,0
8/30/2019,Health Care,Ticker 90,-20120
8/30/2019,Health Care,Ticker 91,677.859092
8/30/2019,Health Care,Ticker 93,-18796.63
8/30/2019,Health Care,Ticker 94,0
8/30/2019,Industrials,Ticker 179,196.336376
8/30/2019,Information Technology,Ticker 164,426.08
8/30/2019,Information Technology,Ticker 172,-22214.736
8/30/2019,Information Technology,Ticker 170,-2343.55
8/30/2019,Information Technology,Ticker 156,-2215.76
8/30/2019,Information Technology,Ticker 160,2045.28
8/30/2019,Information Technology,Ticker 104,10067.85
8/30/2019,Information Technology,Ticker 161,-169.7612
8/30/2019,Other,Ticker 111,-1332.04
8/30/2019,Other,Ticker 165,-4057.02
8/30/2019,Other,Ticker 114,7738.62
8/30/2019,Other,Ticker 176,-3576.18
8/30/2019,other,Ticker 115,-8288.1154
8/30/2019,Other,Ticker 116,65756.0942
8/30/2019,Other,Ticker 117,0
8/30/2019,Real Estate,Ticker 171,-320.4471283
8/30/2019,Real Estate,Ticker 177,391.112
8/30/2019,Real Estate,Ticker 178,-264.45
8/30/2019,Real Estate,Ticker 124,-23016.6375
8/30/2019,Real Estate,Ticker 149,4122.41
8/30/2019,Real Estate,Ticker 157,3749.76
